,Content,Sentiment,content_clean
0,Terima kasih banyak,Positif,terima kasih
1,Apakah bisa buat perpanjangan sim tp bkan nama yg terdaftar di aplikasi.,Positif,panjang sim tp bkan nama yg daftar aplikasi
2,Mau nanya Kalo sim udan mati 1 th masih bisa diperpanjang,Positif,nanya kalo sim udan mati th panjang
3,"Lebih sudah dibanding datang ke polres, kacau",Negatif,banding polres kacau
4,Mohon maaf kenapa saya gagal melakukan verif KTP yaa,Negatif,mohon maaf gagal verif ktp yaa
5,Terimakasih SIM nya sudah sampai.,Positif,terimakasih sim nya
6,Aplikasi nya ga ok gagal mulu,Negatif,aplikasi nya ga ok gagal mulu
7,Bagaimana cara mendownload e-rikkes dan ePPsi. Saya sudah 2 kali mencoba tidak bisa terinstal apliakasinya selalu balik lagi ke halaman awal?,Netral,mendownload e-rikkes eppsi kali coba terinstal apliakasinya halaman
8,"Mau nanya, knp saat saya verifikasi KTP trus mau foto wajah, gagal terus Mohon solusinya",Netral,nanya knp verifikasi ktp trus foto wajah gagal mohon solusi
9,"Oke .... bisa dipakai untuk perpanjangan masa berlaku SIM , untuk fitur perpanjangan STNK tolong segera di aktifkan ya ğŸ˜ biar makin mantap",Positif,oke pakai panjang laku sim fitur panjang stnk tolong aktif ya biar mantap
10,Mantap Perpanjang sim ga perlu antre lagi,Positif,mantap panjang sim ga antre
11,"Aplikasi bagus..sangat berguna untuk kami, pertahankan dan tingkatkan terus pelayanan ini..maju terus POLRI..",Positif,aplikasi bagus guna tahan tingkat layan maju polri
12,Mudah &cepat,Positif,mudah cepat
13,"Mantap,,semoga bisa di seluruh polda indonesia dan satpas...",Positif,mantapsemoga polda indonesia satpas
14,Bagus,Netral,bagus
15,Kenapa yang sekarang di sukoharjo kok gak bisa padahal bln mei kemarin bisa. Trus rikkes harus datang ke satlantas juga percuma dong sistem online klo hrus datang dan antri juga... bln mei enak 3 hari sim dah nyampe rumah e giliran sekarang mau perpanjang sim buat istri malah dipersulit n hilang dah biaya test 27500 nya percuma n parah sekarang...,Negatif,sukoharjo gak bln mei kemarin trus rikkes satlantas sistem online klo hrus antri bln mei enak sim dah nyampe rumah e gilir panjang sim istri sulit n hilang dah biaya test nya n parah
16,Saya ko gagal terus verifikasi e-ktp nya ya? Ada yg bisa bantu?,Netral,ko gagal verifikasi e-ktp nya ya yg bantu
17,"Udah download., emang Belum tersedia layanan pembuatan SIM ? kapan ada layanan pembuatan SIM ?",Positif,udah download emang sedia layan buat sim layan buat sim
18,Sangat memuaskan dan membantu sekali,Positif,muas bantu
19,Mantep. Semakin dipermudah membuat sim,Positif,mantep mudah sim
20,Saya blm bisa kasih penjelasan Cozz saya baru mau daftar ğŸ™ğŸ™ğŸ™,Netral,blm kasih jelas cozz daftar
21,Bagaimana cara mengubah emai,Positif,ubah emai
22,"Saya perpanjang SIM A dari tanggal 27 juni kenapa sampe sekarang belum jadi ya,keterangan y masih sedang proses,padahal SIM saya mati tanggal 29 juni,untuk kolom pengaduan mudah mudahan cepet selesai,biar bisa digunakan untuk keluhan penguna aplikasi",Positif,panjang sim a tanggal juni sampe yaketerangan y prosespadahal sim mati tanggal juniuntuk kolom adu mudah mudah cepet selesaibiar keluh penguna aplikasi
23,Permudah lagi untuk akses warga. Apalagi di amasa pandemi seperti ini. Jadi mengurangi krumunan di polres... Semoga semakin berkembang dengan adanya aplikasi resmi seperti ini ğŸ™ğŸ™,Positif,mudah akses warga amasa pandemi kurang krumunan polres moga kembang aplikasi resmi
24,"Diperbanyak untuk poldanya, agar lebih cepat prosesnya karena kan ini online, agar bisa mengalahkan konvensional. Terima kasih.",Positif,banyak poldanya cepat proses online kalah konvensional terima kasih
25,Semoga kedepan nya semua fitur-fitur bisa digunakan,Positif,moga depan nya fitur-fitur
26,"Kenapa pilihan untuk wilayah jatim hanya satpas jombang,, sementara saya di bangkalan,, minta solusi dong pak..",Positif,pilih wilayah jatim satpas jombang bangkal solusi
27,Ko saya mau pengajuan bikin SIM knp apk nya susah bngt di gundakan yah lagi2 aplikasi dlm pengembangan lagi lagi apk sdng dlm pengembangan sya download dari bulan April smpe skrng GX bisa di gunain trus ini gmna sih,Negatif,ko aju bikin sim knp apk nya susah bngt gundakan yah aplikasi dlm kembang apk sdng dlm kembang sya download april smpe skrng gx gunain trus gmna sih
28,Efisien dan berkualitas,Positif,efisien kualitas
29,"Mantab, semoga bertambah maju pelayanan onlinenya.",Positif,mantab moga tambah maju layan onlinenya
30,"sudah 3 hari nunggu proses di aplikasi sudah terbayar doang, ga ada lanjutan padahal 9 juli sim mau mati. pembayaran juva sudah berhasil tapi prosesnya ga berlanjut, mohon bantuannya min, udah kirim email juga sama tlp cuma tlp ga bisa, di tlp ga nyambung pas klik ngomomg sama cs",Negatif,nunggu proses aplikasi bayar doang ga lanjut juli sim mati bayar juva hasil proses ga lanjut mohon bantu min udah kirim email tlp tlp ga tlp ga nyambung pas klik ngomomg cs
31,"Permisi, di awal aplikasi pada saat saya daftarkan no hp saya namun selalu tidak menerima kode otp. Sudah berulang2 s/d percobaan ketiga namun masih menerima kode otp. Belum bisa saya gunakan, mohon bantuannya.Terimakasih.",Negatif,permisi aplikasi daftar no hp terima kode otp ulang s d coba tiga terima kode otp mohon bantu terimakasih
32,Mantap,Positif,mantap
33,Bagus aplikasinya tingkatkan terus menerusus untuk menu yang lainnya,Positif,bagus aplikasi tingkat usus menu
34,Aplikasi yang sangatlah membantu untuk mengurus sim.,Positif,aplikasi bantu urus sim
35,Mantapppp perpanjang sim sambil ngopi,Positif,mantappp panjang sim ngopi
36,"Mohon maaf, saya ingin bertanya perihal perpanjang sim melalui aplikasi ini apakah harus perpanjang 90 hari sebelum masa berlaku sim sudah habis atau bagaimana ya? Soalnya saya melakukan perpanjang ada warning harus dilakukan 90 hari sebelum masa sim berlaku habis. Terimakasih",Netral,mohon maaf perihal panjang sim aplikasi panjang laku sim habis ya panjang warning sim laku habis terimakasih
37,"Gimana nih aplikasi Parah banget nih tidak ada kejelasan yg pasti dari aplikasi ,statusnya tidak terproses"" padahal sudah bayar dari kapan tau, sudah email pengaduan tidak merespon ,sudah TLP tidak ada jawaban ,sudah lewat wa tidak merespon juga ,jatuh tempo perpanjang pun sudah lewat , Al hasil harus buat ke kantor ,tapi dari aplikasi tidak ada kejalasan sampe skrg",Negatif,gimana nih aplikasi parah banget nih jelas yg aplikasi status proses bayar tau email adu merespon tlp wa merespon jatuh tempo panjang al hasil kantor aplikasi kejalasan sampe skrg
38,Bagus. Proses cepat. Biaya lebih murah.,Positif,bagus proses cepat biaya murah
39,"Min, fitur menu PKB dong segera di launching... mengingat status jawa bali PPKM DARURAT, tks",Negatif,min fitur menu pkb launching status jawa bal ppkm darurat tks
40,Hasil rikkes ga ada padahal uda melakukan pemeriksaan. Gmn solusinya terima kasih,Positif,hasil rikkes ga uda periksa gmn solusi terima kasih
41,Tidak bisa membuat SIM,Netral,sim
42,Gimana caranya masuk untuk tes kesehatan dan tes psikologi?,Positif,gimana masuk tes sehat tes psikologi
43,Kok verifikasi foto gagal mulu ya.. apa bener ni aplikasi.. mau bikin SIM baru soalnya,Negatif,verifikasi foto gagal mulu ya bener ni aplikasi bikin sim
44,"Niat perpanjang SIM secara online. Udah tes ePPsi sama E-Rikkes. Sudah sampai pengisian formulir pengiriman, eh kecamatan saya tidak ada di daftar padahal kecamatan lain di kabupaten saya ada di daftar. Entah karena bug nya dari Pos Indonesia atau dari aplikasi tersebut saya ngga tahu. Akhirnya ngga jadi perpanjang SIM lewat online. Mohon perbaiki masalah tersebut",Negatif,niat panjang sim online udah tes eppsi e-rikkes isi formulir kirim eh camat daftar camat kabupaten daftar bug nya pos indonesia aplikasi ngga ngga panjang sim online mohon baik
45,Maaf mau tanya...saya sudah daftar...tapi ada notif tidak bisa akses dan menghubungi satpas terdekat...maksudnya apa yah ? Makasih,Negatif,maaf daftar notif akses hubung satpas dekat maksud yah makasih
46,"Pelayanan perpanjangan sim,apakah utk seluruh NKRI,atau masih pulau jawa,saya dari sumatra apa bisa?",Positif,layan panjang simapakah utk nkriatau pulau jawasaya sumatra
47,Saya mau buat sim tapi harus menyelesaikan dokumen nya tinggal verifikasi ektp udah Foto dicahaya terang kok ga bisa bisa.verifikasi e ktp gagal trs mohon bantuannya admin,Positif,sim selesai dokumen nya tinggal verifikasi ektp udah foto cahaya terang ga bisa verifikasi e ktp gagal trs mohon bantu admin
48,"Sdh download kok d aplikasi saya Mau buat sim ,, tpi katax belum tersedia masih dalam pengembangan",Negatif,sdh download d aplikasi sim tpi katax sedia kembang
49,pembayaran lewat tranfers apa kes pak kapolri?,Negatif,bayar tranfers kes kapolri
50,"Pelayanan prima, mudah dan cepat. Keep it up korlantas polri",Positif,layan prima mudah cepat keep it up korlantas polri
51,"mohon di tindak lanjuti , tes kesehatan , jln bhayangkara 8 pare kediri , setelah booking berhasil , saya ke lokasi, sama petugas di tolak , katanya tidak kerjasama sama aplikasi ini , trus pegawainya bilang kalau ini itu aplikasi abal2 , akhirnya saya booking ke RS Bhayangkara kediri baru bisa , mohon kalau kayak gitu di hapus aja dari daftar pelayanan tes kesehatan , dari pada orang jauh2 datang di tolak dengan tidak sopan seperti itu",Negatif,mohon tindak lanjut tes sehat jln bhayangkara pare diri booking hasil lokasi tugas tolak kerjasama aplikasi trus pegawai bilang aplikasi abal booking rs bhayangkara diri mohon kayak gitu hapus aja daftar layan tes sehat orang tolak sopan
52,"Sangat membantu untuk perpanjangan sim, mudah dan cepat. Terimakasih.",Positif,bantu panjang sim mudah cepat terimakasih
53,"payah, jadwal tes kesehatan sama sekali payah...bener bener payah. Di aplikasi rikes bisa reservasi hari sabtu, pas ke rs yang dipilih dokter tidak ada..bener bener payah, sangat amat mengecewakan.",Negatif,payah jadwal tes sehat payah bener bener payah aplikasi rikes reservasi sabtu pas rs pilih dokter bener bener payah kecewa
54,Mengapa saya tidak bisa menggunakan aplikasi ini?,Negatif,aplikasi
55,Saya sudah menggunakan aplikasi ini dan berhasil tanpa harus kesana kemari.. maju terus,Positif,aplikasi hasil kesana kemari maju
56,"Sebenarnya aplikasi nya bagus.. hanya saja tes kesehatan harus di klinik yang tertera di aplikasi erikkes.. Andai saja tes kesehatan bisa dilakukan di mana saja, pasti akan sangat mempermudah masyarakat sehingga mengurangi kerumunan di tempat umum.. jadi bisa sejalan dengan peraturan pemerintah mengenai pengurangan aktivitas di luar rumah.. Btw, saya belum melakukan tes kesehatan karena di daerah saya klinik yang dituju oleh aplikasi erikkes belum ada..",Netral,aplikasi nya bagus tes sehat klinik tera aplikasi erikkes andai tes sehat mudah masyarakat kurang kerumun jalan atur perintah kurang aktivitas rumah btw tes sehat daerah klinik tuju aplikasi erikkes
57,"Aplikasi cakep banget, pelayanan kaorlantas kgususnya sim makin mudah makin presisi... MANTAAPPğŸ‘ğŸ‘",Positif,aplikasi cakep banget layan kaorlantas kgususnya sim mudah presisi mantaapp
58,Sudah lengkap semua persyaratan tapi sudah bayar tapi tiba tiba di tolak karena kurang foto sim lama. Mau daftar lgi di Aplikasinya tidak bisa.,Netral,lengkap syarat bayar tolak foto sim daftar lgi aplikasi
59,"Apa ada nomer call center untuk konsultasi langsung, terimakasih",Netral,nomer call center konsultasi langsung terimakasih
60,"Selamat pagi admin. Ijin bertanya, sy sudah mengikuti instruksi hingga bayar untuk perpanjangan SIM pada hari kamis tgl 1 Juli 2021 jam 14:57. Namun hingga sabtu pagi ini prosesnya masih pada notif sudah bayar. Jika minggu progresnya tidak berubah, apakah sebaiknya tgl 5 Juli 2021 (deadline perpanjangan SIM saya), saya perpanjang SIM secara offline saja? Ataukah jika sudah pada tahap sudah bayar sebelum deadline, posisinya SIM tetap bisa diperpanjang masa berlakunya? Terima kasih sebelumnya.",Positif,selamat pagi admin ijin sy ikut instruksi bayar panjang sim kamis tgl juli jam sabtu pagi proses notif bayar minggu progres ubah tgl juli deadline panjang sim panjang sim offline tahap bayar deadline posisi sim panjang laku terima kasih
61,Jadi hemat makasih polantas,Positif,hemat makasih polantas
62,Uu,Negatif,uu
63,Untuk pendaftaran SIM baru kok masih belum bisa di gunakan?,Negatif,daftar sim
64,Membantu,Positif,bantu
65,Ok,Positif,ok
66,pak maaf kl utk bikin sim c lewat online ap masih perlu datang kepolres kl jawaban'y puas saya tambah bintang'y,Netral,maaf kl utk bikin sim c online ap kepolres kl jawab y puas bintang y
67,"Bintang 4 dulu dah,, sbb belum bisa Pendaftaran SIM baru. Hanya bisa utk Perpanjangan saja. Mohon segera update versi spya yg mau bikin SIM baru bisa juga. Makasih KORLANTAS ğŸ™",Positif,bintang dah sbb daftar sim utk panjang mohon update versi spya yg bikin sim makasih korlantas
68,Mantap,Positif,mantap
69,Klo perpanjangan SIM online daftar jg jam operasional kantor y?,Positif,klo panjang sim online daftar jg jam operasional kantor y
70,Saya sudah berhasil proses perpanjangan sim online. Tapi setelah saya melakukan proses pembayaran. Sudah 4 hari sim sya blm di proses. Mohon untuk follow upnya,Negatif,hasil proses panjang sim online proses bayar sim sya blm proses mohon follow upnya
71,Saya mau daftar sim c online kenapa gak bisa mula ya min kenapa ya ?,Positif,daftar sim c online gak ya min ya
72,Sangat membantu masyarakat yg bekerja di perantauan bravo polri,Positif,bantu masyarakat yg rantau bravo polri
73,"Sangat terbantu ,,mohon pencarahan nya ada yang tau...sayah punya sim A tapi hilang sayah bikin sim di jakrta tapi alamat sayah sukabumi kota ,,begitu sayah bikin laporan surat kehilangan yang di pertanyakan no sim nya sayah tidak ingat karna sayah tidak punya cadangan seperti foto copian nya ,,apa sayah harus ke jakrta lagi untuk minta no sim nya kira kira di sukabumi bisa gk ya sesuai alamat sayah atau bagus nya gimana mohon pencerahan nya ada yang udah pernah seperti sayah ,,terimakasih",Positif,bantu mohon carah nya tau sayah sim a hilang sayah bikin sim jakrta alamat sayah sukabumi kota sayah bikin lapor surat hilang no sim nya sayah karna sayah cadang foto copian nya sayah jakrta no sim nya sukabumi gk ya sesuai alamat sayah bagus nya gimana mohon cerah nya udah sayah terimakasih
74,Aplikasinya bagus... ğŸ‘,Positif,aplikasi bagus
75,Terimah kasih aplikasi ini sangat sangatlah membantu bagi masyarakat,Positif,terimah kasih aplikasi bantu masyarakat
76,Good...apk,Positif,good apk
77,"Untuk Banjarmasin Kalsel belum bisa ya, soalnya waktu opsi pilihan ""wilayah polda"" yg ada cuma MERTOJAYA, BALI, JATIM, padahal sudah berhasil tahap tes kesehatan dan pisikotes",Netral,banjarmasin kalsel ya opsi pilih wilayah polda yg mertojaya bal jatim hasil tahap tes sehat pisikotes
78,"Bikin aplikasi tp gak niat mengelolalnya mosok konfirmasi OTP aja sulitnya kayak bikin sim baru aja muter""",Negatif,bikin aplikasi tp gak niat mengelolalnya mosok konfirmasi otp aja sulit kayak bikin sim aja muter
79,sangat membantu sekali,Positif,bantu
80,Mau tanya pak klo bayar PKB motor tahunan yg online gmna ya wilayah Jakarta. Taun kmrin bisa pke samolnas skrg ga bisa..terimakasih,Netral,klo bayar pkb motor tahun yg online gmna ya wilayah jakarta taun kmrin pke samolnas skrg ga terimakasih
81,Knpa penambahan kartu sim ga bisa yah. Padahal sya sudah memasukan nomor sim yg tertera di sim. Mhon bantu untuk kendala penambahan sim. Klw bisa sya tambah 7 bintang.trimakasi,Netral,knpa tambah kartu sim ga yah sya pasu nomor sim yg tera sim mhon bantu kendala tambah sim klw sya bintang trimakasi
82,Menu pembuatan sim baru kapan di rilis?,Negatif,menu buat sim rilis
83,"Verifikasi e-ktp nya ndak ramah bagi pengguna yg punya mata minus, di suruh lepas kacamata dan mngikuti perintah yg secara otomatis ndak kelihatan lha min.. Mndekatpun ada tulisan wajah anda trlalu besar dan gagal trus..",Positif,verifikasi e-ktp nya ndak ramah guna yg mata minus suruh lepas kacamata mngikuti perintah yg otomatis ndak lha min mndekatpun tulis wajah trlalu gagal trus
84,Sangat bermanfaat,Positif,manfaat
85,"Ini aplikasi apa, menu STNK, ETLE,NTMC, pengaduan semuanya tidak bisa di buka, layanan belum tersedia, di menu sinar pun yang bisa di akses cuma perpanjangan sim aja, saran aja mending bikin aplikasi perpanjangan sim aja, dari pada menunya banyak semua belum tersedia",Negatif,aplikasi menu stnk etlentmc adu buka layan sedia menu sinar akses panjang sim aja saran aja mending bikin aplikasi panjang sim aja menu sedia
86,"Tolong perbaiki, upload foto & dokumen pendukung gak bisa. Aplikasi selalu close sendiri saat upload",Negatif,tolong baik upload foto dokumen dukung gak aplikasi close upload
87,"Sangat puas dengan adanya aplikasi SINAR,terima kasih SIM y udah sampai.",Positif,puas aplikasi sinarterima kasih sim y udah
88,Sangat membantu,Positif,bantu
89,Tiga dulu ya..mw nanya..Buka aplikasi jam 15.33 nggk bisa.. Ada wktu nya online nya ya??,Netral,ya mw nanya buka aplikasi jam nggk wktu nya online nya ya
90,Terbaik,Positif,baik
91,Best,Positif,best
92,"Ga bisa lanjutkan,, cuma stuck di halaman masukkan pin ğŸ™",Negatif,ga lanjut stuck halaman masuk pin
93,"Sudah lagi proses perpanjangan sim lewat aplikasi ini, semoga bisa bener bener jadi simnya.",Positif,proses panjang sim aplikasi moga bener bener simnya
94,"mohon bantuan nya, saya sudah selesaikan semua syarat perpanjangan sim saya juga sudah bayar, tetapi keterangan di aplikasi sim tidak di proses proses sudah 2 hari belum terproses, saya takut nanti sim belum di proses sampai masa berlaku sim saya habis.mohon infonya",Positif,mohon bantu nya selesai syarat panjang sim bayar terang aplikasi sim proses proses proses takut sim proses laku sim habis mohon info
95,"halo, kenapa layanan aduan masih belum tersedia ?? saya perpanjangan sim sudah 4 hari kerja belum ada kejelasan mohon info nanti bisa konfirmasi lewat apa",Negatif,halo layan adu sedia panjang sim kerja jelas mohon info konfirmasi
96,"Hallo, saya sudah download aplikasi ini, saya kira bisa membuat SIM (sebelumnya belum pernah buat sim) tapi ternyata tidak bisa ya?",Negatif,hallo download aplikasi sim sim ya
97,"Pelayanan perpanjangan sangat cepat. Hanya lama di pengiriman. Tapi saya puas, krn memberikan kemudahan di masa pandemi seperti ini.. :) Jaya Selalu Korlantas POLRI",Positif,layan panjang cepat kirim puas krn mudah pandemi jaya korlantas polri
98,Dalam proses fertifikasi e ktp kok gagal terus ya...mohon penjelanya...,Negatif,proses fertifikasi e ktp gagal ya mohon jela
99,"Mantap perpanjang sim cukup drumah saja, sim dikirim. Semoga kedepan lebih banyak satpas sim online yang tersedia jadi kirimny gak kejauhan. Sangat membantu aplikasiny. Terima kasih",Positif,mantap panjang sim drumah sim kirim moga depan satpas sim online sedia kirimny gak jauh bantu aplikasiny terima kasih
100,untuk pembuatan sim baru bisa g pak..,Netral,buat sim g
101,"Saya tidak bisa mengisi wilayah polda dan nama satpas,padahal persyaratan sudah lengkap",Negatif,isi wilayah polda nama satpaspadahal syarat lengkap
102,aplikasinya sangat membantu dan pelayanan pengambilan SIM polres depoknya juga sangat ramah dan Kooperatif. keren ğŸ¥°ğŸ¥°ğŸ¥°,Positif,aplikasi bantu layan ambil sim polres depoknya ramah kooperatif keren
103,"Pak mohon dibantu, apakah aplikasi ada maintenance? Saat menggukan aplikasi terhenti di lokasi satpas, saya buat lokasi satpas Polda MetroJaya... Terima kasih sebelumnya.. Betul pak belum semua wilayah. Sudah kordinasi dengan call center Digital Korlantas. Langsung diarahkan solusinya..Mantap. Terima kasih.. Sedang proses..akan di-update kembali komen ini..",Netral,mohon bantu aplikasi maintenance menggukan aplikasi henti lokasi satpas lokasi satpas polda metrojaya terima kasih wilayah kordinasi call center digital korlantas langsung arah solusi mantap terima kasih proses di-update komen
104,Sangat memuaskan,Positif,muas
105,"Sekedar info untuk wil bantul jogja belum bisa. Sya coba proses tgl 01 juli 2021 berhenti di test kesehatan karena belum conect dengan system kata petugas kliniknya ( klinik pleret ) padahal sudah test psikolog dan bisa. Alhasil harus tetap manual dan memang harus manual ( info staff dipolres Bantul). Support untuk aplikasi ini sangat bermanfaat dimasa PPKM, tambah terus untuk lingkup wilayahnya ,ğŸ‘",Positif,dar info wil bantul jogja sya coba proses tgl juli henti test sehat conect system tugas klinik klinik pleret test psikolog alhasil manual manual info staff dipolres bantul support aplikasi manfaat masa ppkm lingkup wilayah
106,Cepat dan mudah,Positif,cepat mudah
107,Aplikasinya ngebug terus lah. Mau verifikasi data diri ktp aja gk bisa. Dicoba berulang ulang juga tetap ngebug gk bisa digunakan. Tolong ya developernya dibenahin lagi nih aplikasi!!!!,Negatif,aplikasi ngebug verifikasi data ktp aja gk coba ulang ulang ngebug gk tolong ya developer dibenahin nih aplikasi
108,"Saya sudah lakukan pendaftaran, saat pilih area Polda dan satpas, jawa barat area Bandung, ko ga bisa",Netral,laku daftar pilih area polda satpas jawa barat area bandung ko ga
109,"Dari pengalaman saya Aplikasi ini sangat membantu, dalam perpanjangan SIM online. Tidak perlu antre di satlantas dan tidak perlu mondar mandir cukup dirumah saja mengikuti instruksi dr aplikasi dan tunggu beberapa hari hasil SIM akan sampai dirumah. Saran saya tingkatkan lagi fungsi pelayanan yang lainnya karena pada apk ini hanya baru bisa perpanjangan SIM saja.",Positif,alam aplikasi bantu panjang sim online antre satlantas mondar mandir rumah ikut instruksi dr aplikasi tunggu hasil sim rumah saran tingkat fungsi layan apk panjang sim
110,Mau buat SIM baru kok gk bisa ya? Mohon pencerahan nya ğŸ™ğŸ™,Netral,sim gk ya mohon cerah nya
111,Halo! Sya sudah isi smua yg diperintahkan. Tp knp sim saya dikirimnya lama ya? Saya bkin tgl 30 smpe skrg msh 40% dgn status dibayar Mohon bantuannya,Positif,halo sya isi smua yg perintah tp knp sim kirim ya bkin tgl smpe skrg msh dgn status bayar mohon bantu
112,Mengapa saya tidak bisa daftar SIM secara online ya. Mohon informasinya. Terimakasih,Positif,daftar sim online ya mohon informasi terimakasih
113,"Pada saat memilih wilayah POLDA, aplikasinya hanya muter2 terus gak ada respon ? Ternyata hanya tersedia untuk wilayah metro jaya dan JATIM Padahal udah bayar tes huftt",Positif,pilih wilayah polda aplikasi muter gak respon sedia wilayah metro jaya jatim udah bayar tes huftt
114,"Saya sudah daftar permohonan perpanjangan SIM tgl 30 juni semua persyaratan dan pembayaran sudah lengkap,tetapi status masih dibayar dan blum diproses.mohon pencerahan nya",Positif,daftar mohon panjang sim tgl juni syarat bayar lengkaptetapi status bayar blum proses mohon cerah nya
115,Kenapa layanan belum tersedia. Masih dalam proses pengembangan?????,Positif,layan sedia proses kembang
116,"maaf mau nanya untuk sim saya ternyata salam bulan lahir nya, untuk di ktp 26 juni di sim 26 juli, itu bisa di perpanjang gk yah pak, terima kasih",Positif,maaf nanya sim salam lahir nya ktp juni sim juli panjang gk yah terima kasih
117,Terima kasih. Inovasi pelayanan yang sangat memudahkan. Semoga terus dikembangkan dan memberikan manfaat lebih luas lagi. Bravo Polri.,Positif,terima kasih inovasi layan mudah moga kembang manfaat luas bravo polri
118,"Ya begitulah...!, Belum bisa2 verifikasiğŸ˜â­, Sorryâ­â­â­",Negatif,ya verifikasi sorry
119,Di aplikasi saya kok tidak ada menu perpanjang sim?gimana yaa,Positif,aplikasi menu panjang sim gimana yaa
120,"Aplikasi Sudah bagus.. cuma kalo bisa biaya pengiriman dikurangin, mahal banget... Dan juga untuk 2 SIM A & C kan satu alamat, jadi usahakan dijadiin satu aja pengirimannya, biar bisa hemat di ongkir... Semoga masukannya dipertimbangkan",Positif,aplikasi bagus kalo biaya kirim rangin mahal banget sim a c alamat usaha dijadiin aja kirim biar hemat ongkir moga masuk timbang
121,Saya kok tidak mendapatkan pesan link masuk lwt email saat verifikasi email,Negatif,pesan link masuk lwt email verifikasi email
122,Ok bnget,Positif,ok bnget
123,"Sempat kawatir karena tidak bisa memakai aplikasi ini, karena selalu gagal diverifikasi data KTP. Tapi Alhamdulillah setelah ganti HP dan upgrade aplikasi akhirnya SIM saya jadi juga. Terima kasih Korlantas Polri. Terus perbaiki dan kembangkan aplikasi lainnya ğŸ‘",Positif,kawatir pakai aplikasi gagal verifikasi data ktp alhamdulillah ganti hp upgrade aplikasi sim terima kasih korlantas polri baik kembang aplikasi
124,Mau buat SIM Nggak bisa,Negatif,sim nggak
125,Verifikasi KTP doang ribay_- Padahal udah pake E-KTPğŸ¤£,Negatif,verifikasi ktp doang ribay udah pake e-ktp
126,Bintang 5 buat Digital Korlantas Polri. Sangat memuaskan pelayan perpanjangan SIM online.,Positif,bintang digital korlantas polri muas layan panjang sim online
127,Sangat memudahkan ibu hamil untuk perpanjangan SIM.. jadi gak perlu mengantri lagi di tengah pandemi seperti ini.. terimakasih Korlantas polri..,Positif,mudah hamil panjang sim gak antri pandemi terimakasih korlantas polri
128,"Pak maaf sebelumnya ini akun saya kok tidak bisa untuk kelanjutan ya pak sudah verifikasi juga tapi untuk perihal beranda aplikasi untuk klik STNK, NTMC,atau yg lainnya tertulis masih dalam pengembangan ini gimana pak?mohon ditindaklanjuti pak saya mau membuat sim A di area jawa tengah pak,,terimakasih sebelumnya.ğŸ™",Netral,maaf akun lanjut ya verifikasi perihal beranda aplikasi klik stnk ntmcatau yg tulis kembang gimana mohon ditindaklanjuti sim a area jawa pakterimakasih
129,Apakah aplikasi ini sdah bisa di gunakan seluruh polres,Netral,aplikasi sdah polres
130,"Buat kali ini, saya apresiasi deh,, good job",Positif,kali apresiasi deh good job
131,"data sudah tervervikasi, sim c sudah terlewat mati, tinggal sim a masih 7 bulan lagi mau habis, ada notifikasi tidak seandainya sim sudah bisa di proses untuk di perpanjang",Positif,data tervervikasi sim c lewat mati tinggal sim a habis notifikasi anda sim proses panjang
132,Aplikasi apaan ini udah hampir setengah tahun kok dalam pengembangan terus..mau bikin SIM malah ribet pake aplikasi gak guna ini..,Negatif,aplikasi udah kembang bikin sim ribet pake aplikasi gak
133,Gk bisa dibuka..,Negatif,gk buka
134,Mungkin sbagian besar orang kurang paham dengan apk ini,Negatif,sbagian orang paham apk
135,"Aplikasinya bener2 bagus.. secara lg pandemi gini kan cukup buka aplikasi, isi dokumen pendukung, tes kesehatan dan psikologi, bayar trus lgsg kirim simnya.. ga perlu lg dtg2 ke polda ketemu byk org diluaran yg ga tau kondisi mereka gimana.. terima kasih",Positif,aplikasi bener bagus lg pandemi gin buka aplikasi isi dokumen dukung tes sehat psikologi bayar trus lgsg kirim simnya ga lg dtg polda ketemu byk org luar yg ga tau kondisi gimana terima kasih
136,"Saya coba buat perpanjang sim bapak saya tapi nggak tau klo cuma bisa perpanjang sim A dan sim C,,sedangkan sim bapak saya sim B1 umum udah terlanjur isi data ternyata nggak bisa,,data yang udah terisi bakal bahaya atau di salah gunakan tidak nanti nya ya",Negatif,coba panjang sim nggak tau klo panjang sim a sim csedangkan sim sim b udah lanjur isi data nggak bisadata udah isi bahaya salah nya ya
137,Aplikasi gak guna banyak salah tempat,Negatif,aplikasi gak salah
138,"Dari segi tampilan sudah bagus, namun sayang, aplikasi masih belum bisa di gunakan untuk mendaftar dan lain-lain. Semoga bisa secepatnya bisa di perbaharui",Netral,segi tampil bagus sayang aplikasi daftar lain moga cepat baharu
139,Good,Positif,good
140,"Pilihan perpnjangan SIM di sblaha mana ya,ko gk ktemu di aplikasi Sinar?? Trimakasih",Negatif,pilih perpnjangan sim sblaha yako gk ktemu aplikasi sinar trimakasih
141,min... tanggal 28 juni 2021 status registrasi dan sudah di bayar.... sampe sekarang tanggal 1 juli 2021. Status masih blm berubah ... kapan ya di prosesnya....,Positif,min tanggal juni status registrasi bayar sampe tanggal juli status blm ubah ya proses
142,"Bagus sekali, sim saya sudah jadi",Positif,bagus sim
143,Mudah dan cepat,Positif,mudah cepat
144,"Ini gimana min, mau simpan data tapi gagal terus?",Negatif,gimana min simpan data gagal
145,"Percuma ikutin test teori online, cek kesehatan online, test psikologi online sdh bayar 27500+6500 admin, menurut aplikasi tinggal dateng praktek, smp satpas suruh test kesehatan lg bayar 30rb bayar pnpb 100rb. Test teori lagi, bilang kepetugas sdh ikut test online, dijawab nya (siapa suruh ikut online-online an.) Ngenes jawaban petugas satpas bagian formulir nya begitu.",Negatif,ikutin test teori online cek sehat online test psikologi online sdh bayar admin aplikasi tinggal dateng praktek smp satpas suruh test sehat lg bayar rb bayar pnpb rb test teori bilang tugas sdh test online nya suruh online-online an ngenes tugas satpas formulir nya
146,bagaimna mau daftar sim A?,Negatif,bagaimna daftar sim a
147,"Untuk yang versi terbaru sudah tidak ada kendala. Verifikasi nomor hp, Isi data, upload kelengkapan pendukung, foto sim, tes psikologi semua bisa lancar, hanya tes kesehatan jasmani yang masih perlu pemeriksaan fisik di dokter setempat. Pembuatan tanggal 25 juni dan sim sampai rumah tanggal 1 juli. Saya di jawa tengah dan memilih satpas metro jaya, ternyata bisa.",Positif,versi baru kendala verifikasi nomor hp isi data upload lengkap dukung foto sim tes psikologi lancar tes sehat jasmani periksa fisik dokter buat tanggal juni sim rumah tanggal juli jawa pilih satpas metro jaya
148,Udah ngak usah neko2 perpanjang sim di sini saja.. bravo POLRI,Positif,udah ngak neko panjang sim bravo polri
149,"Sempat hawatir Ndak bisa perpanjang karna daftarnya mepet waktu aktif. Tapi surat cintanya sampai dengan selamat. Terimakasih banyak.... Salam selamat, sehat dan sukses.",Positif,hawatir ndak panjang karna daftar mepet aktif surat cinta selamat terimakasih salam selamat sehat sukses
150,Mantap,Positif,mantap
151,Sangat membantu berdampingan dengan program pemerintah di masa pandemi ini. Perpanjangan SIM cukup di rumah saja semua beres.,Positif,bantu damping program perintah pandemi panjang sim rumah beres
152,Mantap,Positif,mantap
153,pas mau bayar lanjut pembayaran tidak d klik malah ada bacaan sudah berakhir padahal baru smlm,Positif,pas bayar bayar d klik baca smlm
154,Kok aplikasinya gak bisa yaa... nunggu kode OTP gak masuk masuk,Netral,aplikasi gak yaa nunggu kode otp gak masuk masuk
155,"Waktu pembayaran saya sudah berakhir, kalo mau saya lanjut gimana cara nya ya pa/bu? Tolong di respon dongğŸ¥º",Positif,bayar kalo gimana nya ya pa bu tolong respon
156,"Aplikasi sangat berguna dan tidak perlu keluar rumah untuk bikin Sim,",Positif,aplikasi guna rumah bikin sim
157,Hanya bisa sampe validasi OTP. Pas bikin pin ga bisa lagi.,Negatif,sampe validasi otp pas bikin pin ga
158,"Kalau bikin aplikasi jgn setengah2,mending dihapus aja.",Negatif,bikin aplikasi jgn setengahmending hapus aja
159,"Gara2 e rikkes dokternya tak ada di tempat,pdhl sy dtg sesuai jam buka.sy diarahkan lgsg ke polres sidoarjo yang hanya bersebrangan dg klinik tempat dokter praktek.saya harus mengurus sesuai prosedur yg ada di polres.bayar kesehatan 50rb.dan bayar psikologi 50rb.padahal saya sudah byr 27rb dan lulus tes psikologi di eppsi. Tapi alhasil simnya langsung jadi meskipun masa berlaku sim masih kurang 19 hari.bintang 4 dulu ya.krn blm tahu pengurusan sim online apakah benar2 tnp datang k satpas/polres.",Positif,gara e rikkes dokter tempatpdhl sy dtg sesuai jam buka sy arah lgsg polres sidoarjo bersebrangan dg klinik dokter praktek saya urus sesuai prosedur yg polres bayar sehat rb dan bayar psikologi rb padahal byr rb lulus tes psikologi eppsi alhasil simnya langsung laku sim hari bintang ya krn blm urus sim online tnp k satpas polres
160,Coba dulu kalo bisa dikasih bintang lagi...,Netral,coba kalo kasih bintang
161,Terima kasih. Sangat membantu.,Positif,terima kasih bantu
162,"Memudahkan dan mudah sekali penggunaannya...tidak ribet..bisa kapan saja dan dimana saja...tinggal rebahan, yg penting ada sinyal internet...jumat malam, isi rikkes...minggu pagi, ngerjain e-ppsi...senin, diproses...selasa konfirmasi...kamis, sudh di tangan...terima kasih Korlantas POLRI...ğŸ™ğŸ™",Positif,mudah mudah guna ribet mana tinggal rebah yg sinyal internet jumat malam isi rikkes minggu pagi ngerjain e-ppsi senin proses selasa konfirmasi kamis sudh tangan terima kasih korlantas polri
163,3 bintang dulu pak/ibu. Udah bayar transfer untuk langkah prosesnya 1x24 jam belum selesai juga pak. Mohon lebih dipercepat. Terimakasih,Netral,bintang udah bayar transfer langkah proses x jam selesai mohon cepat terimakasih
164,"Lumayan membantu sih, apalagi di masa pandemi. Hanya saya untuk pengiriman SIM, kalo bikinnya 2 SIM, ongkirnya jangan dua kali juga dunk, kan bisa bareng kirimnya.",Positif,lumayan bantu sih pandemi kirim sim kalo bikin sim ongkirnya kali dunk bareng kirim
165,"Untuk kestabilan aplikasi sudah cukup bagus,hanya memang yg masih agak susah verified foto,sampe berkali kali baru bisa. Untuk proses verifikasi dari pihak satpas itu yg benar 1-3 hari ato 3-7hari (di aplikasi dan di web berbeda??).Punya saya jg sudah hari ke 3 masih blm diproses pdhl minggu dpn sudah expired. Mungkin untuk area satpas bisa ditambah biar tdk overload dan proses tdk memakan waktu lama.",Positif,stabil aplikasi bagushanya yg susah verified fotosampe kali kali proses verifikasi satpas yg ato aplikasi web beda jg blm proses pdhl minggu dpn expired area satpas tambah biar tdk overload proses tdk makan
166,Mantap,Positif,mantap
167,"Tgl 29 Juni kmrn sy menggunakan aplikasi ini untuk perpanjang SIM. Krn desa sblh 74 warga terkonfirmasi covid, saya memilih perpanjang via online. Hasilnya, cukup mengecewakan. Aplikasi e-rikkes sama sekali tidak terpakai, karena kir pake aplikasi simpelpol (Jateng). Padahal e-rikkes merekomendasikan dokter yg sama dengan simpelpol, tp e-rikkes tidak berlaku di tmpt saya. Pun dgn eppsi SIM, sdh lulus tes dan bayar, tp msh byr lg 50rb di tmpt test. Membagongkan...ğŸ˜ğŸ˜ğŸ˜",Netral,tgl juni kmrn sy aplikasi panjang sim krn desa sblh warga konfirmasi covid pilih panjang via online hasil kecewa aplikasi e-rikkes pakai kir pake aplikasi simpelpol jateng e-rikkes rekomendasi dokter yg simpelpol tp e-rikkes laku tmpt dgn eppsi sim sdh lulus tes bayar tp msh byr lg rb tmpt test bagong
168,Top,Positif,top
169,"Ternyata dlm aplikasi belom ada SIM hilang. Saya puny SIM hilang di curi maling dompetny. Saya mau mengurus nya lagi tapi SIM saya ini daerah Maumere, Flores, NTT. Posisi saat ini saya bekerja di jakarta. Saya pun ga ada foto copy SIM nya. Padahal baru perpanjang setahun lalu 2020 saat awal2 covid. Apakah bisa dibantu pak polisi kasus saya saat ini. Apakah msh tetap bisa diurus di Jakarta SIM hilang tanpa ada foto copy nya shingga saya jg ga Taw nomor SIM saya . Mohon bantuannya pak polisi",Netral,dlm aplikasi bom sim hilang puny sim hilang curi maling dompetny urus nya sim daerah maumere flores ntt posisi jakarta ga foto copy sim nya panjang tahun covid bantu polisi msh urus jakarta sim hilang foto copy nya shingga jg ga taw nomor sim mohon bantu polisi
170,"Saya verifikasi ktp, bagian foto muka kok gagal terus padahal udah ngikutin intruksi yg ada. Mohon bantuannya",Negatif,verifikasi ktp foto muka gagal udah ngikutin intruksi yg mohon bantu
171,Mantap duduk manis sim pun mendarat dengan selamat ğŸ‘ğŸ‘ğŸ‘ğŸ‘ğŸ‘,Positif,mantap duduk manis sim darat selamat
172,"Saran saya bagi yg mau mencoba aplikasi ini pastikan masa berlaku sim masih LAMA. Saya sudah coba selesai semua sampai pada tahap pembayaran dan sudah selesai.. Namun di aplikasi masih tahap pembayaran terus.. Sudah 3 hari, tp masih saja seperti itu.. Dan. Tidak ada nomor CS yg bisa dihubungi untuk Fast Respon.. Sehingga bingung mau menghubungi siapa.. Apakah perpanjangan SIM gagal atau berhasil?? Tau dehh..",Negatif,saran yg coba aplikasi pasti laku sim coba selesai tahap bayar selesai aplikasi tahap bayar tp nomor cs yg hubung fast respon bingung hubung panjang sim gagal hasil tau dehh
173,"Saya kesulitan melanjutkan tahap pengisian wilayah Polda, untuk mengetik JABAR hasilnya masih loading, tidak ada pilihan sehingga tidak dapat melanjutkan tahap berikutnya.",Netral,sulit lanjut tahap isi wilayah polda etik jabar hasil loading pilih lanjut tahap
174,"Udh bayar untuk tes, eeh wilayah polda jabar tdk ada, bgaimana ini solusinya?",Negatif,udh bayar tes eeh wilayah polda jabar tdk bgaimana solusi
175,"Sangat membantu, apalagi di era pandemi seperti ini",Positif,bantu era pandemi
176,Mau tanya untuk perpanjangan sim dengan KTP bekasi kota dan plat daerah jawa tengah apakh bisa lewat aplikasi ini? Atau harus booking melalui mpp kota bekasi dan dateng langsung?,Positif,panjang sim ktp bekas kota plat daerah jawa apakh aplikasi booking mpp kota bekas dateng langsung
177,Alhamdulillah lancar dr proses mendaftar sampai sim diterima,Positif,alhamdulillah lancar dr proses daftar sim terima
178,"STOP MONOPOLI!! PERMUDAHLAH!! 1. PILIHAN PEMBAYARAN 2. PILIHAN PENGIRIMAN KURIR SOSIALISASIKAN SEGERA PADA SEMUA ANGGOTA PETUGAS SATPAS SIM INI SUDAH NASIONAL (ONLINE) SEKARANG KENAPA JIKA ADA KENDALA ONLINE JALUR OFFLINE TETAP PAKAI MANUAL (PRINT) PADAHAL PSIKOLOGI, KESEHATAN SUDAH BERHASIL DATA SUDAH ADA SEMUA PADA APLIKASI!! PETUGAS SATPAS NGOTOT PAKAI MANUAL!!",Negatif,stop monopoli mudah pilih bayar pilih kirim kurir sosialisasi anggota tugas satpas sim nasional online kendala online jalur offline pakai manual print psikologi sehat hasil data aplikasi tugas satpas ngotot pakai manual
179,"Saya udah bisa dapat kode pembayaran batasnya 24 jam, tp ini baru 6 jam giliran mau bayar udah ga bisa tulisannya batas pembayaran anda telah berakhir, mksdnya gimana yah? Tolong dong di bls nanti kalau berhasil saya ubah jadi bintang 5 + ulasan bagus",Netral,udah kode bayar batas jam tp jam gilir bayar udah ga tulis batas bayar mksdnya gimana yah tolong bls hasil ubah bintang ulas bagus
180,"Dari awal instal aplikasi sampai hari ini, verifikasi E-KTP selalu gagal. Padahal jaringan Full. Apakah sistemnya yg selalu full juga",Netral,instal aplikasi verifikasi e-ktp gagal jaring full sistem yg full
181,Saya sudah mengunduk app ini dan mencoba perpanjang sim. Data sudah saya lengkapi semua termasuk untuk E-Rikkes dan EPPSI sudah saya lakukan. Dan mengisi seluruh data. Tapi pada proses pembayaran hanya blank saja. Apakah ada solusinya agar bisa lanjut?,Positif,mengunduk app coba panjang sim data lengkap e-rikkes eppsi laku isi data proses bayar blank solusi
182,Bagus sekali.......jadi lebih mudah dan cepat ğŸ‘ğŸ‘ğŸ‘ğŸ‘ğŸ‘,Positif,bagus mudah cepat
183,Sangat susah sekali verifikasi KTPnya sudah coba berapa kali gak bisa,Negatif,susah verifikasi ktpnya coba kali gak
184,luar biasa mantap sangat-sangat mempermudah proses. seluruh proses di lakukan online ğŸ™ğŸ™ mantapppp Korlantas polri,Positif,mantap sangat mudah proses proses laku online mantappp korlantas polri
185,Lokasi satpas kenapa tidak bisa dipilih ya,Positif,lokasi satpas pilih ya
186,"Hapus aja, ga guna, verifikasi ektp aja ga bisa2",Negatif,hapus aja ga verifikasi ektp aja ga
187,Susah banget verifikasi ktp,Negatif,susah banget verifikasi ktp
188,kenapa verivikasi e-ktp gagal terus ya pak. padahal sudah melengkapi semua data,Positif,verivikasi e-ktp gagal ya lengkap data
189,"Gak ribet dan mudah sekali..cuma saran saya ,untuk pengambilan perpanjangan sim online,di kasih plang biar orang tau, saya sudah masuk kantor, gak tau nya malah di luar (depan parkiran cewek)..",Positif,gak ribet mudah saran ambil panjang sim onlinedi kasih plang biar orang tau masuk kantor gak tau nya parkir cewek
190,"Sudah mengikuti saran, mengganti ke Polda metro jaya. Sudah submit dan bayar, status saat ini masih dibayar. Terima kasih Note : edit mengikut saran",Netral,ikut saran ganti polda metro jaya submit bayar status bayar terima kasih note edit ikut saran
191,"Kepada pemilik aplikator, Saya sangat berharap besar agar aplikasi ini dapat segera dikembangkan untuk memudahkan masyarakat mengurus dokumen berkendara dijalan, karena untuk menjadi pelopor keselamatan dijalan ditengah pandemi seperti ini sangatlah membantu. Terima kasih,, Keep feel safety on the road with PRESISI",Positif,milik aplikator harap aplikasi kembang mudah masyarakat urus dokumen kendara jalan pelopor selamat jalan tengah pandemi bantu terima kasih keep feel safety on the road with presisi
192,Sangat membantu.... Digital korlantas Yes...,Positif,bantu digital korlantas yes
193,Cukup Memuaskan,Positif,muas
194,Mempermudah emak2 yg repot,Positif,mudah emak yg repot
195,Belum lengkap tapi sudah dibuka,Negatif,lengkap buka
196,Good aplikasi ditunggu aja prosesnya,Positif,good aplikasi tunggu aja proses
197,"Izin admin kalau masa berlaku SIM habis, apakah bisa di perpanjang, apa bikin baru y",Positif,izin admin laku sim habis panjang bikin y
198,"Min, data sudah saya isi semua untuk perpanjangan SIM C, tapi ketika disimpan kok keluar ""terjadi kesalahan""? Tks.",Positif,min data isi panjang sim c simpan salah tks
199,Sayangnya tdk semua Polda masuk daftar,Netral,sayang tdk polda masuk daftar
200,SippğŸ‘ğŸ‘,Positif,sipp
201,"Bisa digunakan untuk perpanjangan SIM. SIM saya sudah saya terima. Lebih baik menggunakan aplikasi begini sehingga mengurangi calo. Biayanya jg murah. Saya berlokasi di Bekasi, tidak ada satpas. Tp itu tidak masalah, krn kita bs pilih satpas mana saja dan SIM akan dicetak serta dikirim via pos dr satpas tersebut. Prosesnya jg cepat sekali. Hari ini semua tes lengkap, data lengkap, bsknya diproses. Lusa SIM dikirim. Tolong segera dibuka jg layanan pembuatan SIM barunya. Sukses yaa",Positif,panjang sim sim terima aplikasi kurang calo biaya jg murah lokasi bekas satpas tp krn bs pilih satpas sim cetak kirim via pos dr satpas proses jg cepat tes lengkap data lengkap bsknya proses lusa sim kirim tolong buka jg layan buat sim baru sukses yaa
202,"Permisi knp gak masukÂ² ya Sy sdh masukan pin tp tidak ada lanjutan lg, mohon pencerahanya",Netral,permisi knp gak masuk ya sy sdh masuk pin tp lanjut lg mohon pencerahanya
203,"Sudah bagus untuk daerah sekitar ibu kota,mohon di perluas",Positif,bagus daerah kotamohon luas
204,Apakaj hasil psikologi online bisa digunakan untuk memperpanjang sim secara offline? Soalnya ditempat saya untuk lanjuu ke tahap kesehaan belum bisa padahal diaplikasi tertera lokasi yg dapau dipilih. gimana ya?,Netral,apakaj hasil psikologi online panjang sim offline tempat lanjuu tahap kesehaan aplikasi tera lokasi yg dapau pilih gimana ya
205,"Dari sisi pemanfaat teknologi memang sangat bagus dan bermanfaat, tapi yang saya ingin tanyakan kapan menu pembuatan sim baru bisa di akses, apalagi di era pandemi ini untuk membuat sim jika harus datang langsung ke polres agak mengkhawatirkan, apalagi saya sudah 2 kali terkena covid, jadi mohon infonya kapan menu membuat sim baru akan di buka? terima kasih",Positif,sisi manfaat teknologi bagus manfaat menu buat sim akses era pandemi sim langsung polres khawatir kali kena covid mohon info menu sim buka terima kasih
206,"Terimakasih sebelumnya Pa admin, Alhamdulillah SIM C saya sudah di perpanjang barusan. Saya mau bertanya Pa soal alamat, alamat SIM baru bisa direvisi tidak ya soalnya alamat srkng sama kaya alamat SIM yang lama!!! Dan tolong juga aplikasinya kembangin lagi, biar nanti kalo ada masalah dari nama contohnya itu bisa di revisi/diganti. Aps ini harus ada chatingannya juga biar kita bisa saling komunikasi apa bila kalo ada kendala dri pengguna aps ini. Terimakasih Pa Admin.",Positif,terimakasih pa admin alhamdulillah sim c panjang barusan pa alamat alamat sim revisi ya alamat srkng kaya alamat sim tolong aplikasi kembangin biar kalo nama contoh revisi ganti aps chatingannya biar komunikasi kalo kendala dri guna aps terimakasih pa admin
207,Kren,Positif,kren
208,pa admin apakah yg di aplikasi erikkes kita harus tetap dteng ke dokternya ya,Netral,pa admin yg aplikasi erikkes dteng dokter ya
209,"Saat mau unggah foto selalu keluar sendiri,",Positif,unggah foto
210,"Tadi saya sdh coba daftar onine tpi gak bisa, kayak gak ada respon padahal datanya sdh di isi semua tpi tdk ada keterangan di transaksinya. Saya juga mau tnya untuk perpanjangan sim c apakah biayanya 180 atau hanya 75? Terimaksih",Netral,sdh coba daftar onine tpi gak kayak gak respon data sdh isi tpi tdk terang transaksi tnya panjang sim c biaya terimaksih
211,apakah bisa sim c mati 2tahun bisa di perpanjang.??,Positif,sim c mati panjang
212,Alhamdullilah akhirnya bisa perpanjang SIM online,Positif,alhamdullilah panjang sim online
213,bagaimana menghapus history transaksi. kemarin saya ditolak dan mau perbaikan data. terkendala di histori transaksi yang tidak bisa di hapus. apakah bisa mengajukan perpanjanga kembali setelah di tolak?sim sudah di terima,Positif,hapus history transaksi kemarin tolak baik data kendala histori transaksi hapus aju perpanjanga tolak sim terima
214,Min mau tanya persyaratan apa saja kalau mau perpanjanh sim c tapi masa habisnya tanggal 1 maret 2022 cuma pingin tau syaratnya aja bales ya,Positif,min syarat perpanjanh sim c habis tanggal maret pingin tau syarat aja bales ya
215,"Fitur buat SIM online nya blm bisa berfungsi, mohon untuk update berikutnya mungkin bisa diperbaiki biar tidak hanya sekedar simbol tak berfungsi....",Negatif,fitur sim online nya blm fungsi mohon update baik biar dar simbol fungsi
216,Sangat bermanfaat,Positif,manfaat
217,Apakah bisa mengajukan permohonan SIM yg hilang ?,Positif,aju mohon sim yg hilang
218,Cukup bagus,Positif,bagus
219,Mantap ğŸ‘ğŸ‘ğŸ‘,Positif,mantap
220,Min proses perpanjangan SIM nya kira2 brpa lama ya? Soalnya sya sudah melakukan pembayaran tapi di menu transaksi sampai skrg blum ada perubahan?,Positif,min proses panjang sim nya brpa ya sya bayar menu transaksi skrg blum ubah
221,izin bertanya admin apabila virtual account no rekening udah kadaluwarsa saya bisa meminta yang baru atau ada cara lain,Netral,izin admin virtual account no rekening udah kadaluwarsa
222,Aneh verifikasi wajah gagal bae,Negatif,aneh verifikasi wajah gagal bae
223,Sim saya telah lewat masa aktifnya karena korona tahun lalu apakah bisa perpanjang,Positif,sim aktif korona panjang
224,Sangat membantu.. terimakasih,Positif,bantu terimakasih
225,"Awalnya lumayan susah juga c,terus harus instal apk juga buat tes kesehatan dan tes psikologi,tapi alhamdulillah selesai juga,jadi sekarang perpanjang SIM udah lebih mudah dan yg pasti cukup DIRUMAH AJA. Semoga secepatnya wilayah Satpas bisa diperluas lagi biar makin mudah,Terima kasih",Positif,lumayan susah cterus instal apk tes sehat tes psikologitapi alhamdulillah selesai jugajadi panjang sim udah mudah yg rumah aja moga cepat wilayah satpas luas biar mudahterima kasih
226,Tinggal masukin data rikkes jasmani aja gak bisa dari tadi sore,Negatif,tinggal masukin data rikkes jasmani aja gak sore
227,"min, knp ini lokasi satpas di wilayah saya ngk terupdate?jd tdk bisa dilengkapi dokumennya..tolong infonya",Netral,min knp lokasi satpas wilayah ngk terupdate jd tdk lengkap dokumen tolong info
228,Puas...saya tidak usah antri tinggal tunggu di rumah,Positif,puas antri tinggal tunggu rumah
229,"Mau nanya Mau buat pendaftaran SIM, tpi dibuat layanannya dalam proses pengembangan. Kenapa ya?",Netral,nanya daftar sim tpi layan proses kembang ya
230,Polri selalu mengikuti perkembangan teknologi demi membantu rakyat indonesia yg membutuhkan.bravo polri,Positif,polri ikut kembang teknologi bantu rakyat indonesia yg butuh bravo polri
231,Mantaaap,Positif,mantaaap
232,Salam NKRI saya dari kecamatan Tamansari kota Tasik Malaya Untuk pilihan kec. Taman sari belum tersedia .... Akhirnya di tolak juga... Terus g mana nih ke oplen lagi ???,Netral,salam nkri camat tamansari kota tasik malaya pilih kec taman sari sedia tolak g nih oplen
233,Bolehkah bertanya saya perpanjang SIM senin malam kira kira jadinya tanggal berapa dan hari apa ya ?,Netral,panjang sim senin malam tanggal ya
234,jos pelayanan mudah cepat,Positif,jos layan mudah cepat
235,Mantap,Positif,mantap
236,Mantap! Recommended..,Positif,mantap recommended
237,"Membuat aplikasi separoh hati...hanya membuat ini aja gak bisa kelar....malu kita IT kok buat aplikasi tp isi belum tersedia semua aksesnya.... Mohon diperbaiki aja,,,kami sudah serius input data identitas diri kami tp eh...malah aplikasi bayangan. Semoga segera bisa di gunakan aplikasi ini,,,masyarakat bertanya-tanya",Negatif,aplikasi separoh hati aja gak kelar malu it aplikasi tp isi sedia akses mohon baik ajakami serius input data identitas tp eh aplikasi bayang moga aplikasi inimasyarakat
238,Bagus mempermudah,Positif,bagus mudah
239,bisa dicoba cuma kesulitan saat sudah masuk ke step lokasi satpas...maksudnya apakah trus kenapa harus masuk keawal lagi nggih input data ..padahal sdh lengkap..bagaimana caranya agar tdk lewat step awal langsung ke step lanjutan.... aplikasi ini bila diisi belom selsai akan bertahan sampai berapa hari kah..,Netral,coba sulit masuk step lokasi satpas maksud trus masuk awal nggih input data sdh lengkap tdk step langsung step lanjut aplikasi isi bom selsai tahan kah
240,"Proses cepat, aman dan amanah ğŸ˜ğŸ˜ğŸ˜",Positif,proses cepat aman amanah
241,"Sangat membantu....cocok untuk kaum rebahan, dan super sibuk...",Positif,bantu cocok kaum rebah super sibuk
242,"Sudah download serta bayar dan melaksanakan test psikologi, dan trnyta harus datang ke Polres Kediri buat test kesehatan, dikira full daring Saran saya, semoga lebih baik dan bisa beneran diakses online smuanya",Negatif,download bayar laksana test psikologi trnyta polres diri test sehat full daring saran moga beneran akses online smuanya
243,Mau nanya min. Saya sudah daftar untuk memperpanjang tgl 28 juni 2021 sedangkan habisnya tanggal 3 juli. Sejauh ini masih dalam proses pembayaran belum ke proses selanjutnya. KiraÂ² nunggu berapa hari ya untuk di proses ke tahap selanjutnya?,Positif,nanya min daftar panjang tgl juni habis tanggal juli proses bayar proses nunggu ya proses tahap
244,Lebih ditingkatkan lagi.agar semua layanan yang sudah terdaftar diaplikasi bisa berfungsi.dan menghemat waktu.,Positif,tingkat lagi agar layan daftar aplikasi fungsi dan hemat
245,"Apakah kalau kartu SIM saya sudah mati 5 bulan yang lalu, bisa perpanjang secara online di aplikasi ini?",Negatif,kartu sim mati panjang online aplikasi
246,"Sangat bagus dan membantu,sekarang perpanjang SIM gak perlu antri di satpas,cukup online dari rumah dan SIM akan di kirim sampai alamat kita,selanjutnya saya berharap untuk perpanjangan STNK juga bisa online,Terimakasih",Positif,bagus membantusekarang panjang sim gak antri satpascukup online rumah sim kirim alamat kitaselanjutnya harap panjang stnk onlineterimakasih
247,Mudah nyaman nyampek rumah,Positif,mudah nyaman nyampek rumah
248,Saya mau tanya kalo SIM c bagian pekerjaan nya bisa di ganti engga,Positif,kalo sim c kerja nya ganti engga
249,"Bagus,cuma untuk pengaduan belum bs pki aplikasi",Positif,baguscuma adu bs pki aplikasi
250,Saya mau tanya pak klo ktp saya jakarta barat tapi saya tinggal di bekasi apah ikut tesnya tetap di jakarta atau di bekasi pun bisa terima kasih pak,Positif,klo ktp jakarta barat tinggal bekas apah tes jakarta bekas terima kasih
251,Maaf mau tanya admin...gini kalau bulan kelahirannya salah mau di ganti boleh gak ya? soalnya saya lahir bulan November tapi dalam pembuatan SIM di tulis bulan Oktober terimakasih,Positif,maaf admin gin lahir salah ganti gak ya lahir november buat sim tulis oktober terimakasih
252,Lebih mudah dan dimudahkan,Positif,mudah mudah
253,"Mantap sekali. Tanpa ribet antri, SIM diantar sampai rumah dengan selamat.. â¤",Positif,mantap ribet antri sim antar rumah selamat
254,"TERIMAKASIH SIM saya sudah sampai,, aplikasi ini benar2 sangat membantu apalagi dimasa pandemi, sama sekali ga perlu keluar rumah utk perpanjangan sim. semoga kedepannya jg bisa mengurus utk membuat SIM/STNK. Saran utk yg mau menggunakan app ini, ketika nti memilih satpas pilih antara mabes,depok/jatim krn baru 3 satpas itu yang terintegrasi. download app erikkes utk kesehatan pilih faskes yg terintegrasi, sy dari daerah krn faskes d tempat sy tdk terintegrasi jd saya pilih Jakarta.",Positif,terimakasih sim aplikasi bantu masa pandemi ga rumah utk panjang sim moga depan jg urus utk sim stnk saran utk yg app nti pilih satpas pilih mabesdepok jatim krn satpas integrasi download app erikkes utk sehat pilih faskes yg integrasi sy daerah krn faskes d sy tdk integrasi jd pilih jakarta
255,Sim lampung apa bisa perpanjangnya ditangerang,Positif,sim lampung panjang ditangerang
256,"Min, sim sy habis masa berlaku tgl 2 juli bsk. Sedangkan sy perpanjang sim dr tgl 27 juni kemarin statusnya masih dibayar. Skrg sdh tanggal 30 juni. Apa ada kemungkinan batal tdk ya? Takutnya mengandalkan sim online, trus batal, masa berlaku habis dan harus bikin ulang. Mohon pencerahannya min.",Positif,min sim sy habis laku tgl juli bsk sy panjang sim dr tgl juni kemarin status bayar skrg sdh tanggal juni batal tdk ya takut andal sim online trus batal laku habis bikin ulang mohon cerah min
257,Bagus cepat dan mudah,Positif,bagus cepat mudah
258,"Kenapa saya ga bisa deftar SIM online nya,semua udah terverifikasi termasuk e-KTP saya.tapi kenapa layanan nya belum tersedia pas saya mau mendaftar. Tolong dong info nyağŸ™",Netral,ga deftar sim online nyasemua udah verifikasi e-ktp saya tapi layan nya sedia pas daftar tolong info nya
259,Kenapa layanan pendaftaran sim belum tersedia ya,Negatif,layan daftar sim sedia ya
260,Lalu bagaimana yg dilakukan mohon penjelasan y sy hrs gmn untuk bs memperpanjang sim sy?,Positif,yg mohon jelas y sy hrs gmn bs panjang sim sy
261,"hallo, saya mau tanya cara ubah profil bagaimana ya min? saya klik di ubah profil tp kok mau ganti email tidak bisa ??? sebab email yg saya daftarkan ada yg kurang penulisannya.. mohon dijawab terimakasih",Positif,hallo ubah profil ya min klik ubah profil tp ganti email email yg daftar yg tulis mohon terimakasih
262,Kapan ada fitur Pembuatan SIM baru ?,Positif,fitur buat sim
263,"Susah verifikasi e ktp sudah di tempat terang benderang sesuai petunjuk sudah di lakukan,tetapi gagal adakah solusinya???????????ğŸ˜­ğŸ˜­ğŸ˜­ğŸ˜­",Positif,susah verifikasi e ktp terang benderang sesuai tunjuk lakukantetapi gagal ada solusi
264,Terima kasih atas pelayana sim online semogo trus berkembang,Positif,terima kasih pelayana sim online semogo trus kembang
265,"untuk isian data wilayah polda apa ya? saya dari Bandung, disini pilihannya metro jaya, jatim dan bali. bandung atau jabar tidak ada?",Netral,isi data wilayah polda ya bandung pilih metro jaya jatim bal bandung jabar
266,Mempermudah pembuatan SIM baru maupun perpanjangan. Salut untuk inovasi dan progres progres kinerja Polri.,Positif,mudah buat sim panjang salut inovasi progres progres kerja polri
267,Maaf pak izin bertanya sy dah daftar trs dah masukkan data semua trs blm da keterangan lg kira2 nunggu konfirmasi lg p gmn y pak maaf y ganggu trm ksh,Positif,maaf izin sy dah daftar trs dah masuk data trs blm da terang lg nunggu konfirmasi lg p gmn y maaf y ganggu trm ksh
268,"Ijin Bertanya, saya Sdh lulus eppsi Dan Sdh lulus eRikkes, Tp satpas kota Bogor nya tdk Ada Di pilihan jd saya Harus Bagaimana? Kalau saya tetap ke kantor satpas kota bogor Trus hasil yg Tadi buat apa? Lagi pandemi Ngeri kemana mana pak,,tolong di Bantu agar Ada pilihan satpas kota bogor nya,,,",Positif,ijin sdh lulus eppsi sdh lulus erikkes tp satpas kota bogor nya tdk pilih jd kantor satpas kota bogor trus hasil yg pandemi ngeri mana paktolong bantu pilih satpas kota bogor nya
269,dlm kondisi seprti skrg sngt membntu,Positif,dlm kondisi seprti skrg sngt membntu
270,Sangat membantu,Positif,bantu
271,"Bagus, cepat , masukan dipermudah lagi sistem nya,,,",Positif,bagus cepat masuk mudah sistem nya
272,Bagaimana cara daftarnya min,Negatif,daftar min
273,"Saya sudah sampai ditahap mengisi lokasi satpas... Tapi disitu ga ada pilihannya... Diketik manual juga ga bisa... Jadinya saya ga bisa lanjut proses lagi. Saya tinggal di solo jateng. Tgl 26/06/2021 saya update , Alhamdulillah udah ada pilihan lokasi satpasnya jadi proses bisa saya lanjutkan dan udah selesai tinggal nunggu SIM diproses. Tgl 29/06/2021 SIM nya Udah sampai. Alhamdulillah. Terima kasih POLRI Sukses & Jaya selalu",Positif,tahap isi lokasi satpas situ ga pilih ketik manual ga ga proses tinggal solo jateng tgl update alhamdulillah udah pilih lokasi satpasnya proses lanjut udah selesai tinggal nunggu sim proses tgl sim nya udah alhamdulillah terima kasih polri sukses jaya
274,"Kepada developer tolong diperbaiki segera pada bagian proses registrasi perpanjangan SIM. Step pemilihan Wilayah Polda & SATPAS loading terus padahal sinyal bagus waktu dicoba ke app lain, jadi tidak bisa lanjut ke step selanjutnya, perbaiki segera ya. karena saya mau perpanjang SIM tinggal H-10 lagi nih masa berlakunya mau habis Terimakasih",Positif,developer tolong baik proses registrasi panjang sim step pilih wilayah polda satpas loading sinyal bagus coba app step baik ya panjang sim tinggal h nih laku habis terimakasih
275,Mau ambil OTP saja susah banget...ini gimana sih,Negatif,ambil otp susah banget gimana sih
276,"Sudah melakukan pembayaran untuk perpanjangan SIM C pada hari sabtu 26/6/2021 jam 13.25 namun sampai sekarang (30/6/2021) belum masuk ke tahap 'Diproses', kenapa lama sekali ya?",Positif,bayar panjang sim c sabtu jam masuk tahap proses ya
277,"Izin bertanya komandan, bagaimana cara mengurus SIM yg hilang secara online",Positif,izin komandan urus sim yg hilang online
278,Kenapa belum tersedia?,Negatif,sedia
279,"Izin brtanya utk admin.., knapa ketika melakukan perpanjangan SIM A selalu trouble dalam upload e-ktp, foto diri, dan foto wajah? pdahal kmaren sdh siap dipembayaran. mohon infonya thks ğŸ™",Positif,izin brtanya utk admin knapa panjang sim a trouble upload e-ktp foto foto wajah pdahal kmaren sdh bayar mohon info thks
280,"Mantap, memudahkan. Bravo polri",Positif,mantap mudah bravo polri
281,"Apakah hanya saya saja yang verifikasi KTP,untuk buka mulut walaupun berulang kali tetap waktu habis, atau ada yang lain mengalami",Positif,verifikasi ktpuntuk buka mulut ulang kali habis alami
282,Tolong bantuannya cara perpanjang SIM C di aplikasi ini gimana ya???ğŸ™,Positif,tolong bantu panjang sim c aplikasi gimana ya
283,"tolong untuk petugas online yang ada di polres jombang lebih tepat waktu datang kerjanya,agar saat pengambilan sendiri tidak terlalu lama nunggunya",Negatif,tolong tugas online polres jombang kerjanyaagar ambil nunggunya
284,Stuck di login ga bisa masuk,Negatif,stuck login ga masuk
285,Saya mau mutasi SIM bareng perpanjang apakah bisa lewat aplikasi ini?,Positif,mutasi sim bareng panjang aplikasi
286,Mantaaaaaaapppppp.... Sangat terbantu dengan aplikasi ini.,Positif,mantaaappp bantu aplikasi
287,"Saya sudah melakukan pembayaran tgl 28 Juni , tapi keterangannya dibayar terus dan belum ke titik di proses , berapa lama saya harus nunggu ?",Positif,bayar tgl juni terang bayar titik proses nunggu
288,Cara prpanjang sim nya gmna ko blom trsedia,Positif,prpanjang sim nya gmna ko blom trsedia
289,Saya masih coba tapi gagal terus verifikasinya. Kalau SIM masa aktifnya sudah habis apa masih bisa diproses di sini?,Positif,coba gagal verifikasi sim aktif habis proses
290,"Mau tanya admin vertifikasi KTP, sama fotoh wajah gagal terus dan susah banget ya? Gimana caranya biar bisa vertifikasi nih, sim c 1 bulan lgi mau habis.",Netral,admin vertifikasi ktp fotoh wajah gagal susah banget ya gimana biar vertifikasi nih sim c lgi habis
291,Ini asli kn dari korlantas...sya mau prpanjang sim tpi apk nya takut ga resmi dari korlantas..,Positif,asli kn korlantas sya prpanjang sim tpi apk nya takut ga resmi korlantas
292,Joosss... Transparan dan pastinya jadi lebih praktis.,Positif,joosss transparan pasti praktis
293,Saya baru menyelesaikan data dan pembayarannya tgl 29 juni.. sim saya habis tgl 1 juli. Saya agak telat di verivfikasi ktp... Apakah tetap di proses??? Terima kasih korlantas polri,Positif,selesai data bayar tgl juni sim habis tgl juli telat verivfikasi ktp proses terima kasih korlantas polri
294,Jo Oos,Positif,jo oos
295,"Awal regis jumat 26 juni 2021 SIM di antar dan di Terima di rumah selasa 29 juni 2021 jadi estimasi sekitar 5 hari yang katanya cuma 3 hari... Mungkin karna sabtu minggu lgi off jadi nambah 2 hari... Keseluruhan sih oke sangat membantu bagi yang tidak punya banyak waktu untuk ke satpas SIM apalgi di musim pandemi ini... Semoga makin bagus aplikasi ini untuk kedepannya, terimakasih ğŸ™",Positif,regis jumat juni sim terima rumah selasa juni estimasi karna sabtu minggu lgi off nambah sih oke bantu satpas sim apalgi musim pandemi moga bagus aplikasi depan terimakasih
296,Luar biasa,Positif,
297,"terimakasih Korlantas Polri, saya tidak perlu repot ke kantor untuk memperpanjang SIM, cukup dengan aplikasi ini. Ditunggu ya fitur-fitur lainnya yang saat ini masih dalam proses pengembangan",Positif,terimakasih korlantas polri repot kantor panjang sim aplikasi tunggu ya fitur-fitur proses kembang
298,Verifikasi email nya ko gx bisa terus ya.. Padahal dah benar alamat emailnya...,Netral,verifikasi email nya ko gx ya dah alamat email
299,"Proses terakhir simpan data (konfirmasi data) kok gak bisa lanjut ya ""terjadi kesalahan...""? Kenapa ya?",Positif,proses simpan data konfirmasi data gak ya salah ya
300,Sangat membantu,Positif,bantu
301,"Goood... Tolong setelah proses pembayaran selesai, harap diberikan notif jika proses perpanjangan aim membutuhkan waktu 3-7 hari kerja. Oiya utk yg sekarang ga dpt kartu asuransi kecelakaan diri pengemudi ya..",Positif,goood tolong proses bayar selesai harap notif proses panjang aim butuh kerja oiya utk yg ga dpt kartu asuransi celaka kemudi ya
302,"susah banget proses verifikasi nya, berulang2 gagal",Netral,susah banget proses verifikasi nya ulang gagal
303,Alhamdulillah paket udh berjalan terima kasih semoga tambah sukses aplikasi nya,Positif,alhamdulillah paket udh jalan terima kasih moga sukses aplikasi nya
304,Coba dulu. Apakah ini pengganti dari aplikasi e-samsat nasional?,Positif,coba ganti aplikasi e-samsat nasional
305,Kak ini cek rekeningnya kok lama ya prosesnya,Positif,kak cek rekening ya proses
306,"Belum bisa bikin sim baru, nanti bintang diubah kalau udah bisa dan lulus buat sim",Negatif,bikin sim bintang ubah udah lulus sim
307,"Luar biasa buat sim online hari sabtu, hari selasa sudah diterima simnya dikirim via pos",Positif,sim online sabtu selasa terima simnya kirim via pos
308,Bagus banget. Sangat membantu disituasi pandemic ini. Thx POLRI,Positif,bagus banget bantu situasi pandemic thx polri
309,Sangat membantu dalam proses perpaduan SIM,Positif,bantu proses padu sim
310,Jozzz,Positif,jozzz
311,Untuk kesalahan tahun masa berlaku bagaimana cara memperbaiki?,Positif,salah laku baik
312,Untuk wilayah Jateng blm bisa . Tolong di perbaiki lgi,Negatif,wilayah jateng blm tolong baik lgi
313,Ewy 3?u5g sdh sdh C4?. Y,Negatif,ewy ug sdh sdh c y
314,Setelah transfer berapa lama ya harus menunggu proses selanjutnya??...,Positif,transfer ya tunggu proses
315,Good job,Positif,good job
316,Wilayah polda jateng kok gk ada,Netral,wilayah polda jateng gk
317,Aplikasi apa ini kok gk bisa masuk kodenya,Negatif,aplikasi gk masuk kode
318,Sangat membantu perpanjangan SIM,Positif,bantu panjang sim
319,"Sangat membantu praktis, efektif dan menghemat waktu dalam penerbitan/perpanjangan SIM. Oya untuk check kesehatan dapat secara online atau terkoneksi dengan Puskesmas/klinik/layanan kesehatan terdekat. Karena untuk check kesehatan harus datang ke pusat layanan kesehatan di polres/rumah sakit polisi.",Positif,bantu praktis efektif hemat terbit panjang sim oya check sehat online koneksi puskesmas klinik layan sehat dekat check sehat pusat layan sehat polres rumah sakit polisi
320,Pelayanan sangat baik..,Positif,layan
321,Tolong di bantu kenapa untuk pilihan polda sematera selatan tidak terbuka hanya loading saja,Positif,tolong bantu pilih polda sematera selatan buka loading
322,"Saya ko ga bisa verifikasi email saya, blm ada yg masuk ke email saya buat verifikasi emailnya, sudah berulang kali minta verifikasi email tp blm ada yg masuk emailnya.knp ya. Tolong penjelasannya.tq",Positif,ko ga verifikasi email blm yg masuk email verifikasi email ulang kali verifikasi email tp blm yg masuk email knp ya tolong jelas tq
323,MantapğŸ™,Positif,mantap
324,minta otp tapi nggak dikirim2 gitu terus,Negatif,otp nggak kirim gitu
325,Ribet dan ga praktis Terima kasih,Negatif,ribet ga praktis terima kasih
326,"Kenapa kolom pada wilayah polda dan wilayah satpas tidak bisa di isi? Mohon masukkannya, terima kasih",Negatif,kolom wilayah polda wilayah satpas isi mohon masuk terima kasih
327,"semua data sudah terisi, tp terhenti di satpas, lokasi tidak ditemukan, lokasi saya sangata kutai timur, kenapa ya ndan",Netral,data isi tp henti satpas lokasi temu lokasi sangata kuta timur ya ndan
328,"min d proses ter akhir nya simpan data,, tidak bisa,, begitu klik simpan data malah kluar dari aplikasi,,, jadi gmn min? udah d coba beberapa kali dan berbeda waktu masih gtu aja,,,",Positif,min d proses ter nya simpan data klik simpan data kluar aplikasi gmn min udah d coba kali beda gtu aja
329,"Aplikasinya sangat bagus dan memudahkan mengurus SIM secara online, tanpa ribet. Semoga ke depan SATPAS dapat merata ada di seluruh provinsi, terimakasih",Positif,aplikasi bagus mudah urus sim online ribet moga satpas rata provinsi terimakasih
330,"Alhamdulillah terbantu dengan applikasi ini, terima kasih",Positif,alhamdulillah bantu applikasi terima kasih
331,"Terimakasih untuk Polri ,adanya aplikasi ini sangat membantu sekali untuk masyarakat Indonesia dlm proses pembuatan/perpanjang sim secara online.",Positif,terimakasih polri aplikasi bantu masyarakat indonesia dlm proses buat panjang sim online
332,"Pak polisi. Mohon informasikan saya sdh selesai tes psikologi dan kesehatan, kan habis tu satpas, tapi saya ketik gak bisa, apakah ini dari Nungguin dari kepolisian juga, karena saya kurang tahu urutan, saya ketik satpas polda kalsel mencari terus kenapa",Negatif,polisi mohon informasi sdh selesai tes psikologi sehat habis tu satpas ketik gak nungguin polisi urut ketik satpas polda kalsel cari
333,"Punya saya kok lama ya di peoses nya... Udah 2 hari ngajukan permohonan, tapi di transaksi apl nya belum juga di proses? Apa kendala nya!!!!",Positif,ya peoses nya udah ngajukan mohon transaksi apl nya proses kendala nya
334,"Aplikasi yang cukup membantu saya dalam memperpanjang SIM A. Iseng2 klik-klik layanan lain di aplikasi korlantas POLRI belum semua berjalan sempurna, tapi khusus layanan perpanjangan SIM saya sangat-sangat mengapreasiasi. Dari pendaftaran, administrasi hingga pemantauan proses pengurusan mudah di pahami. Semoga POLRI khususnya Korlantas POLRI semakin maju dan mengikuti perkembangan jaman dlm memberikan pelayanan kepada masyarakat dan sukses selalu. Bravo polri. Terimakasih",Positif,aplikasi bantu panjang sim a iseng klik layan aplikasi korlantas polri jalan sempurna khusus layan panjang sim sangat mengapreasiasi daftar administrasi pantau proses urus mudah paham moga polri korlantas polri maju ikut kembang jaman dlm layan masyarakat sukses bravo polri terimakasih
335,Sangat cepat !! Sukses teruss,Positif,cepat sukses teruss
336,"Terima kasih, pelayanan profesional Sangat membantu sekali..",Positif,terima kasih layan profesional bantu
337,Aplikasi errikes sma Epsykolog nya ngebug,Negatif,aplikasi errikes sma epsykolog nya ngebug
338,Ok,Positif,ok
339,Ok,Positif,ok
340,"Aplikasi oke, tinggal realisasi di lapangannya",Positif,aplikasi oke tinggal realisasi lapang
341,Cepat dan mantap.. sangat membantu,Positif,cepat mantap bantu
342,Apl ga bisa digunakan untuk layanan apa pun. Kecewa sangat ....,Negatif,apl ga layan kecewa
343,"Untuk aplikasinya udah bagus, tapi sayang hanya bisa perpanjang doang dan itu juga hanya untuk golongan sim tertentu. Kalo ditambah fitur bikin sim baru dan perpanjang untuk semua golongan mungkin akan sangat membantu karena bisa memudahkan masyarakat dan tentunya bisa mencegah pungli pada saat pembikinan sim",Positif,aplikasi udah bagus sayang panjang doang golong sim kalo tambah fitur bikin sim panjang golong bantu mudah masyarakat cegah pungli bikin sim
344,"BB xx,, zo",Positif,bb xx zo
345,Verifikasi kok pake bot sih. Wajah udh berubah jadi gabisa verifikasi. Tolong diperbaiki lagi,Negatif,verifikasi pake bot sih wajah udh ubah gabisa verifikasi tolong baik
346,"Kode otp tidak masuk masuk. Lama sekali, sampai 3x waktu habis tidak masuk juga",Netral,kode otp masuk masuk x habis masuk
347,Mempermudah pengurusan SIM,Positif,mudah urus sim
348,Ga bsa ngomong apa2'poko'a mantullll,Positif,ga bsa ngomong apa poko a mantulll
349,"Dengan Applikasi Digita Korlantas POLRI ini Saya sangat terbantu, berkah selalu tuk POLRI",Positif,applikasi gita korlantas polri bantu berkah tuk polri
350,Sangat mmbantu skli,Positif,mmbantu skli
351,Lumayan,Netral,lumayan
352,"Min, kenapa verifikasi email.. tp tidak masuk ke email saya ya? Padahal sudah kirim ulang bbrp kali dan tdk ad juga email yg masuk..",Positif,min verifikasi email tp masuk email ya kirim ulang bbrp kali tdk ad email yg masuk
353,"Aplikasi sangat bermanfaat dan sangat membantu di tengah pandemi dan kesibukan.,",Positif,aplikasi manfaat bantu pandemi sibuk
354,"Sebenarnya bagus, namun apakah bisa menggantikan SIM fisik apabila razia?",Positif,bagus ganti sim fisik razia
355,"Bagaimana caranya memperpanjang SIM secara online ?? Sy sdh buka2 koq cuma merekam SIM lama doank ğŸ˜‚ mohon petunjuknya dipermudah, tata cara pembayaran pun bisa via ATM ğŸ‘",Positif,panjang sim online sy sdh buka koq rekam sim doank mohon tunjuk mudah tata bayar via atm
356,Korlantas polri ok,Positif,korlantas polri ok
357,Kereeen pol,Positif,kereeen pol
358,"Terobosan POLRI yang sangat bagus. Dalam dua hari ini (28-29/06/2021) saya mencoba aplikasi ini untuk memperpanjang SIM, tapi saat proses upload dokumen (KTP dll), aplikasinya terhenti. Sudah dicoba berulang kali tetap tidak bisa. Apakah sistemnya sedang maintenance? Mohon arahan.",Positif,terobos polri bagus coba aplikasi panjang sim proses upload dokumen ktp dll aplikasi henti coba ulang kali sistem maintenance mohon arah
359,Bagaimana cara urus sim A ya pas klik pembuatan sim dk jadi masi dalam pengembangan.kapan bisa pembuatan sim via aplikasinya,Negatif,urus sim a ya pas klik buat sim dk mas kembang kapan buat sim via aplikasi
360,Mantap...,Positif,mantap
361,Alhamdulillah sudah di verepikasi setelah ganti hp.,Positif,alhamdulillah verepikasi ganti hp
362,"Sudah bisa verifikasi, sedang mencoba untuk melakukan perpanjangan. Selalu tingkatkan pelayanan terhadap masyarakat",Netral,verifikasi coba panjang tingkat layan masyarakat
363,"Mantap lah apk nya ringan featur ringan secara visual, bermanfaat sesuai zaman Mudah mudahan apk ini bisa berlaku sebagai sim pengganti (SIM Virtual) bila suatu saat SIM fisik tidak dibawa serta di jalan apabila ada pemeriksaan Terobosan lah buat Polri",Positif,mantap apk nya ringan featur ringan visual manfaat sesuai zaman mudah mudah apk laku sim ganti sim virtual sim fisik bawa jalan periksa terobos polri
364,Ngga bisa tampil setlah masukin pasww..hang ajaaa,Positif,ngga tampil set masukin pasww hang ajaaa
365,kok aku gak bisa buat sim online ya,Negatif,gak sim online ya
366,"Aplikasinya lumayan bagus, lumayan efisien juga untuk perpanjang sim online, saran saya kalau sudah selesai dari proses, bisa di tampilkan nama satpas pengambilanya, lebih bagus lagi bisa langsung di tunjukan ke maps, terimakasih",Netral,aplikasi lumayan bagus lumayan efisien panjang sim online saran selesai proses tampil nama satpas pengambilanya bagus langsung tunjuk maps terimakasih
367,Oke sangat pembantu,Positif,oke bantu
368,Setelah selesai tinggal pilih metode pembayaran tapi tidak bisa diklik.akhirnya malah jadi dibatalkan karena time out.gimana ya,Positif,selesai tinggal pilih metode bayar klik akhir batal time out gimana ya
369,Bikin sim jadi mudah dan cepat,Positif,bikin sim mudah cepat
370,Saya percaya indonesia bisa Maju,Positif,percaya indonesia maju
371,Top,Positif,top
372,Unverified terus,Negatif,unverified
373,Ok,Positif,ok
374,Masa pengembangan terus nih... Sampe kapan kira2??,Negatif,kembang nih sampe
375,Saya mau perpanjang SIM kebetulan tgl 11 bulan depan SIM saya habis. Ada teman di solo sdh pake aplikasi SIM online ternyata murah banget. Nah saya di Curup Bengkulu sdh tanya sama kawanÂ² di polres rejang Lebong untuk perpanjangan SIM B 1 umum dikenakan biaya 1.280.000. apakah memang segitu biaya untuk perpanjangan SIM B 1 umum???,Negatif,panjang sim tgl sim habis teman solo sdh pake aplikasi sim online murah banget curup bengkulu sdh kawan polres rejang lebong panjang sim b kena biaya segitu biaya panjang sim b
376,"Terbaik,mantap",Positif,terbaikmantap
377,"Semoga pelayanan dapat lbh ditingkatkan lagi, contohnya lokasi satpas yg seharus nya sdh bisa ter integrasi ke semua wilayah polda di indonesia, krn dengan pembuatan sim online ini dapat mencegah korupsi khususnya pungli, saya harap tes nya juga bisa dilakukn dengan online,tanpa perlu ke satpas lg....terimaksih",Negatif,moga layan lbh tingkat contoh lokasi satpas yg harus nya sdh ter integrasi wilayah polda indonesia krn buat sim online cegah korupsi pungli harap tes nya dilakukn onlinetanpa satpas lg terimaksih
378,Susah dalam mendaftar eppsinya jadi pas registrasi udah keisi semua giliran dipencet daftar ada peringatan tidak boleh kosong,Netral,susah daftar eppsinya pas registrasi udah isi gilir pencet daftar ingat kosong
379,Saya kasih 5 bintang Terima kasih sudah mempermudah pa ğŸ™ Desain SIM juga bagus + sudah di kasih anti gores Sekali lagi terimakasih ğŸ™,Positif,kasih bintang terima kasih mudah pa desain sim bagus kasih anti gores terimakasih
380,Terimakasih Sangat membantu diri sy mungkin jg org lain yg tidak bisa dtg terkait dgn waktu bekerja. utk wilayah satpas di jatim mgkin bisa di perluas area nya.,Positif,terimakasih bantu sy jg org yg dtg kait dgn utk wilayah satpas jatim mgkin luas area nya
381,"Maaf saya mau perpanjang SIM C,gmn caranya mohon penjelasannya tolong",Positif,maaf panjang sim cgmn mohon jelas tolong
382,sudah sampe rumah.. istimewa.. sangat terbantu dengan SIM online ini. suka sekali.mantap.,Positif,sampe rumah istimewa bantu sim online suka sekali mantap
383,Aplikasi masih sering error bos,Positif,aplikasi error bos
384,kenapa mau daftar sim layanan tidak tersedia ya? layanan dalam proses pengembangan.,Netral,daftar sim layan sedia ya layan proses kembang
385,"Min..maaf mau tanya..sy sdh priksa ksehatan d klinik/dokter yg sesuai aplikasi,tapi hasil pmeriksaan di aplikasi e-rikkes blum ada..jadi blm bisa lanjutin proses prpanjangan sim online ny,mohon penjelasan dan bantuan nya min..",Netral,min maaf sy sdh priksa ksehatan d klinik dokter yg sesuai aplikasitapi hasil pmeriksaan aplikasi e-rikkes blum blm lanjutin proses prpanjangan sim online nymohon jelas bantu nya min
386,"Aplikasinya sangat bagus, tapi sayang masih belum bisa untuk mengurusi SIM hilang secara online. Masih dalam pengembangan ğŸ˜¥",Positif,aplikasi bagus sayang urus sim hilang online kembang
387,Sangat membantu sekali dan layanan cepat,Positif,bantu layan cepat
388,Kenapa feature daftar sim belom tersedia?,Negatif,feature daftar sim bom sedia
389,"Izin bertanya admin.. Apakah perpanjang sim C pd saat 6 bulan sebelum jatuh waktu masa aktif nya habis, tdk bs di perpanjang...? Soalnya saya cb selalu ada notif ""ada kesalahan"" setidak nya perpanjang sim di lakukan pd saat 90 hari sebelum masa aktif nya habis.",Positif,izin admin panjang sim c pd jatuh aktif nya habis tdk bs panjang cb notif salah tidak nya panjang sim laku pd aktif nya habis
390,Bagus aplikasi ini mmpermudah dlm pengurusan perpanjangan dan ngurus baru SIM,Positif,bagus aplikasi mmpermudah dlm urus panjang ngurus sim
391,"Kenapa ya saya perpanjang SIM masa berlakunya kok sama dengan SIM lama tahun nya, gimana ini kan harusnya berlaku 5 tahun lagi",Netral,ya panjang sim laku sim nya gimana laku
392,"Sangat membantu, khususnya bagi saya, tanpa perlu antri lama2 bisa lgsung diurus dr rumah. Yg penting paham alur pendaftaran dan penggunaan aplikasi korlantas ini beserta aplikasi tesnya. Sangat mudah",Positif,bantu antri lgsung urus dr rumah yg paham alur daftar guna aplikasi korlantas serta aplikasi tes mudah
393,Besar harapan saya dengan adanya aplikasi ini menjauhkan dari tindak percaloan.,Positif,harap aplikasi jauh tindak calo
394,Keren..Sangat Membantu,Positif,keren bantu
395,Thanks sangatembantu di kala pandemi begini. Terus tingkatkan fitur-fitur lainnya agar bisa dilakukan online,Positif,thanks sangatembantu pandemi tingkat fitur-fitur online
396,"Saya sangat tertarik dengan aplikasi super bagus ini, pertanyaan saya pak, apa saya bisa perpanjangan SIM C dan saya berdomisili di kabupaten barito utara. Mohon bimbingan pak agar saya yakin",Positif,tarik aplikasi super bagus panjang sim c domisili kabupaten barito utara mohon bimbing
397,Bravo Korlantas Polri,Positif,bravo korlantas polri
398,It works,Positif,it works
399,"Lebih mudah dalam proses perpanjang SIM, semoga ke depan pelayanan Polri semakin optimal",Positif,mudah proses panjang sim moga layan polri optimal
400,Sip ok josss,Positif,sip ok josss
401,Happy your day ğŸ¤—ğŸ¤—,Positif,happy your day
402,Kenapa transaksi perpanjang sim saya belum di proses? Saya sudah bayar tapi belum di proses.,Negatif,transaksi panjang sim proses bayar proses
403,"Mantap bisa bikin SIM online, walau yg ada pencetakan SIM nya Polda metro dan Jatim. Tetap bisa dikirim ke seluruh Indonesia. Lebih murah dan efisien tidak perlu antri photo bisa pilih yg paling disukai. Pokoknya mantap dan selamat buat kepolisian utk terobosannya Melayani masyarakat",Positif,mantap bikin sim online yg cetak sim nya polda metro jatim kirim indonesia murah efisien antri photo pilih yg suka pokok mantap selamat polisi utk terobos layan masyarakat
404,top pokoknya,Positif,top pokok
405,Ok,Positif,ok
406,Saya suka,Netral,suka
407,"No hp yg untuk masuk ke APL sudah keblokir pdhl sdh verifikasi nik. Dan skrg mau masuk lg gak bisa, dan masuk dgn nomer lain memasukkan nik yg sama tidak bisa katanya nik sdh terdaftar dgn no hp lain. Bagaimana caranya Krn no awal sdh terblokir???",Positif,no hp yg masuk apl blokir pdhl sdh verifikasi nik skrg masuk lg gak masuk dgn nomer masuk nik yg nik sdh daftar dgn no hp krn no sdh blokir
408,Mantaaap..,Positif,mantaaap
409,Top cuman belum sempurna,Positif,top cuman sempurna
410,its good,Positif,its good
411,"Sudah coba berkali kali padahal saya tinggal di wilayah Polda Metro Jaya, tapi penentuan Satapas selalu muter muter udah bayar via transfer tes nya, apalagi di masa pandemi Covid19 ini. Untuk pengurusan off line beresiko",Negatif,coba kali kali tinggal wilayah polda metro jaya tentu satapas muter muter udah bayar via transfer tes nya pandemi covid urus off line resiko
412,Sangat membantu,Positif,bantu
413,Semoga polri semakin kedepan dalam melayani masyarakat,Positif,moga polri depan layan masyarakat
414,"Sangat membantu dalam memperpanjang sim online dan tidak perlu datang ke kantor ğŸ‘, untuk lokasi satpas tolong di tambah lagi, selebihnya luar biasa...",Positif,bantu panjang sim online kantor lokasi satpas tolong lebih
415,ektp saya kok gagal terus di verifikasinya,Netral,ektp gagal verifikasi
416,josddddddddd,Positif,josddd
417,Cara yang mudah cepat dan aman dalam mengurus perpanjangan SIM di masa pandemi covid 19,Positif,mudah cepat aman urus panjang sim pandemi covid
418,"Terimakasih... Digital Korlantas POLRI sangat membantu sekali untuk perpanjangan SIM online, ada 2 kendala yang saya alami, untuk syarat foto SIM lama, foto eKTP, foto tanda tangan Dan fas foto. Untuk Ukuran Tidak bisa terkompres Otomatis. Dan 1lagi perpanjangan Sim A dan C terpisah jadi Harus 2 kali bayar Ongkir.",Positif,terimakasih digital korlantas polri bantu panjang sim online kendala alami syarat foto sim foto ektp foto tanda tangan fas foto ukur kompres otomatis panjang sim a c pisah kali bayar ongkir
419,Sangat membantu masyarakat yang tidak bisa ke daerah asal untuk mengurus SIM,Positif,bantu masyarakat daerah urus sim
420,Bagus,Positif,bagus
421,Sangat ribet sekali harus instal 3 apps... Kalo periksa kesehatan harus ke ketemu dokter knp harus online... Saran dimasa pandemi lebih baik full online kalo pemeriksaan kesehatan cuma tensi sepertinya tidak perlu... Buta warna dll bisa online... Kalo sama2 harus ke polres buat tes kesehatan sangat tidak praktis,Netral,ribet instal apps kalo periksa sehat ketemu dokter knp online saran masa pandemi full online kalo periksa sehat tensi buta warna dll online kalo polres tes sehat praktis
422,"Layanan yg baik, cepat, efisien, bebas pungli. Sukses Korps Lantas PolriğŸ‘",Positif,layan yg cepat efisien bebas pungli sukses korps lantas polri
423,"Sangat mudah.. tidak sampai 7 hari SIM sdh sampai rumah.. terima kasih, semoga next bisa untuk memperpanjang pajak kendaraaan dan lain lain.. sukses terus",Positif,mudah sim sdh rumah terima kasih moga next panjang pajak kendaraaan sukses
424,"Mantap proses cepat tidak ribet, memudahkan untuk perpanjangan SIM A atau SIM lainnya. Tingkatkan terus untuk perpanjangan STNK juga biar 1 aplikasi ğŸ’ªğŸ’ª",Positif,mantap proses cepat ribet mudah panjang sim a sim tingkat panjang stnk biar aplikasi
425,"Kok saya gak bisa"" login ya, trus disuruh masukan kode otp tapi gak ada di kasi kode otp setelah vertivikasi nomer. Gimana ya ni mohon bantuannyağŸ™",Negatif,gak login ya trus suruh masuk kode otp gak kasi kode otp vertivikasi nomer gimana ya ni mohon bantu
426,Good,Positif,good
427,"Sangat bagus, walau pun bikin galau karna pengiriman agak lambat. Tapi sangat membantu sekali. Mudah mudahan kedepan lebih baik lagi",Positif,bagus bikin galau karna kirim lambat bantu mudah mudah depan
428,Bagus...,Positif,bagus
429,Untuk menyimpan data SIM nya lama dan tidak bisa.,Netral,simpan data sim nya
430,"Sangat Buruk,Masih Belum bisa,Kalau aplikasinya belum ready,gk usah dilaunching,hanya membuat rating jelek. Apabila aplikasi sudah oke,dan bisa,saya akan edit ulasan lagi,Trimakasih Aplikasi sampe sekarang Masih LOL BET. Mending hapus aja dah nih aplikasi gk guna,wkwkwk",Negatif,burukmasih bisakalau aplikasi readygk dilaunchinghanya rating jelek aplikasi okedan bisasaya edit ulas lagitrimakasih aplikasi sampe lol bet mending hapus aja dah nih aplikasi gk gunawkwkwk
431,"Aplikasi sangat membantu, usahakan jaringan kencang lur, usahakan nomor yang digunakan anda gunakan juga dihp untuk paket data agar lancar jaya",Positif,aplikasi bantu usaha jaring kencang lur usaha nomor dihp paket data lancar jaya
432,Makasih pak SIM A saya udh sampai saya kasih bintang 5 ternyata gampangğŸ‘ğŸ‘ğŸ‘ğŸ‘ğŸ‘ğŸ‘ğŸ‘ğŸ‘ğŸ‘ğŸ‘ğŸ‘ğŸ‘ğŸ‘ğŸ‘ğŸ‘ğŸ‘ğŸ‘ğŸ‘ğŸ‘ tingkatkan lg tinggl perpanjang STNK blom ada,Positif,makasih sim a udh kasih bintang gampang tingkat lg tinggl panjang stnk blom
433,"Pada waktu isi yg e-rikkes app mudah dibuka, tp begitu yg eppsi kenapa tidak bisa dibuka ya ğŸ™ğŸ™",Positif,isi yg e-rikkes app mudah buka tp yg eppsi buka ya
434,"Perpanjang SIM tidak pernah semudah ini, 4 hari SIM sudah sampe di rumah, itu juga kepotong weekend. Tingkatkan & kembangkan terus layanannya",Positif,panjang sim mudah sim sampe rumah potong weekend tingkat kembang layan
435,Aplikasi ini mempermudah perpanjangan SIM.. semoga bisa buat bikin SIM BARU,Positif,aplikasi mudah panjang sim moga bikin sim
436,"Kok pas masuk ke layanannya, semuanya tertulis 'belum tersedia masih dlm pengembangan'. Jadi, utk apa aplikasinya?",Netral,pas masuk layan tulis sedia dlm kembang utk aplikasi
437,"Aplikasinya udh sangat bagus. Cuma hanya bisa buat perpanjangan sim aja, fitur lain seperti pembuatan sim malah belum ada. Tolong diperbanyak ya fiturnya khususnya pembuatan sim",Netral,aplikasi udh bagus panjang sim aja fitur buat sim tolong banyak ya fiturnya buat sim
438,Daftar verifikasi gagal mulu ni. Kecewa saya,Negatif,daftar verifikasi gagal mulu ni kecewa
439,Kok gak bisa bikin sim baru ya ??,Negatif,gak bikin sim ya
440,Sangat membantu.,Positif,bantu
441,"Kasih bintang 3 dulu Krn blm semua layanan bisa, khususnya pembuatan SIM baru",Netral,kasih bintang krn blm layan buat sim
442,Untuk menghindari calo,Positif,hindar calo
443,Mantap.. ğŸ‘ğŸ‘,Positif,mantap
444,Ini kenapa ya pas mau verifikasi foto kok ga bisa terus,Netral,ya pas verifikasi foto ga
445,Luar biasa mudah,Positif,mudah
446,"Faskes di tiap kelurahan kota makassar belum terdaftar pada applikasi ini, saat ini hanya terdaftar 5 faskes utk kota Makassar pada Rikkes applikasi SIM. Jika sudah terdaftar faskes atau klinik di tiap kelurahan saya akan Applous applikasi ini dengan bintang 5 karena sangat memudahkan masyarakat.Trims",Positif,faskes lurah kota makassar daftar applikasi daftar faskes utk kota makassar rikkes applikasi sim daftar faskes klinik lurah applous applikasi bintang mudah masyarakat trims
447,"User Friendly, mudah, telah T'INTEGRASI tes ksehatn+psikologi+pmbyrnONLINE.!! Ada menu lacak p'panjangn. Testimoni: Bekasi, hr Minggu daftar, isi klngkapn data, ikuti tes online, byr Via ATM, pilih MetroJaya s.d klik submit hnya 3 jam. Hr senin proses p'pnjgn sim C selesai lgs dkirim via Ktr Pos. Kamis sim C ditrima DONE.! Semangat terus ya kpd tim pengembang KRN MEMANG MASIH ADA menu/layanan yg hrs dlengkapi/dTambah/diupdate. Ga mudah tp ga mustahil. Inovasinya MANTAP B'GUNA di masa pandemi.",Positif,user friendly mudah t integrasi tes ksehatn psikologi pmbyrnonline menu lacak p panjangn testimoni bekas hr minggu daftar isi klngkapn data ikut tes online byr via atm pilih metrojaya s d klik submit hnya jam hr senin proses p pnjgn sim c selesai lgs dkirim via ktr pos kamis sim c ditrima done semangat ya kpd tim kembang krn menu layan yg hrs dlengkapi dtambah diupdate ga mudah tp ga mustahil inovasi mantap b guna pandemi
448,Sangat membantu di saat pandemi seperti kondisi sekarangğŸ˜ğŸ˜,Positif,bantu pandemi kondisi
449,Untuk pendaftaran bikin sim baru kenapa tidak bisa ya ?? Terimakasih,Negatif,daftar bikin sim ya terimakasih
450,Saya baca di ig bisa untuk pembuatan sim baru.. Pas instal aplikasinya ternyata pembuatan sim baru masih proses pengembangan.. Padahal harusnya mempermudah sekali saat pandemi seperti ini.. Mohon segera dikembangkan untuk pembuatan sim baru,Negatif,baca ig buat sim pas instal aplikasi buat sim proses kembang mudah pandemi mohon kembang buat sim
451,"Verifikasi KTP gagal terus, padahal sudah mengikuti instruksi dan pake background biru. Mohon bantuannyağŸ™",Negatif,verifikasi ktp gagal ikut instruksi pake background biru mohon bantu
452,"Puas sekali, walaupun awal awal verivikasi wajah susah sekali .ikuti sesuai instruksi aja,klo untuk tes kesehatan gratis,klo yang psikologi bayar.pengantaran via pos sehari sampai.Mantapppppppppp",Positif,puas verivikasi wajah susah ikut sesuai instruksi ajaklo tes sehat gratisklo psikologi bayar antar via pos hari sampai mantappp
453,Pengembangan sistem masih buruk untuk sekala nasion,Negatif,kembang sistem buruk sekala nasion
454,"Saat mendaftarkan identitas sim C dan sim A saya yang sudah punya kenapa pencarian datanya lama kali loadingnya, pak?? Sampai stengah jam juga pencarian data sim gak ketemu, loading mulu",Negatif,daftar identitas sim c sim a cari data kali loadingnya stengah jam cari data sim gak ketemu loading mulu
455,Kenapa selalu gagal pas mau melengkapi data??,Netral,gagal pas lengkap data
456,"Udh berhasil masukan OTP, tapi kok gk ada tombol login nya ya? ğŸ‘€",Negatif,udh hasil masuk otp gk tombol login nya ya
457,Verifikssi ktp nya susah sekali :(,Netral,verifikssi ktp nya susah
458,Knapa pas saya mau membuat SIM tidak bisa ya ?,Netral,knapa pas sim ya
459,Sudah bisa masuk...sudah dicoba tes kesehatan tapi Ternyata wilayah satpas pare-kediri JATIM Errikes belum bisa melayani via online...sudah terlanjur bayar tes ePPsi...sayang sekali...ğŸ˜‚ğŸ˜‚ğŸ˜‚ aplikasi perlu diperbaiki ...apalagi soal pengembalian dana....,Negatif,masuk coba tes sehat wilayah satpas pare-kediri jatim errikes layan via online lanjur bayar tes eppsi sayang aplikasi baik kembali dana
460,"Bikin sim baru belum bisa digunakan, malah minta update terus,",Positif,bikin sim update
461,Saran bagi anda yang perpanjangan jika satpasnya tidak muncul terutama POLDA JABAR. anda bisa lanjutkan proses sim dan pilih satpas POLDA METRO JAYA. Opsinya SIM anda akan dikirim via pos dengan pilih POLRESTA DEPOK ATAU METRO JAYA. Saya sudah mencoba dan diproses 2 - 3 hari saja sim sudah sampai alamar rumah,Positif,saran panjang satpasnya muncul polda jabar lanjut proses sim pilih satpas polda metro jaya opsi sim kirim via pos pilih polresta depok metro jaya coba proses sim alamar rumah
462,Saya ko verifikasi KTP selalu gagal ya,Netral,ko verifikasi ktp gagal ya
463,"Saya di jawa tengah,apabila memilih satpas metro jaya apakah bisa,karena sudah di tahapan e tilkes dan psikotes,tinggal memilih satpas saja,mohon jawaban nya yaa,karena 2 hari lagi sim saya expired,urgent banget mohon dibantu",Positif,jawa tengahapabila pilih satpas metro jaya bisakarena tahap e tilkes psikotestinggal pilih satpas sajamohon nya yaakarena sim expiredurgent banget mohon bantu
464,"Log in nya jangan cuma pakai nomer hp donk, pake email juga. Nomor hp saya hangus jadi ga bisa log in",Negatif,log in nya pakai nomer hp donk pake email nomor hp hangus ga log in
465,Saya ingin mendaftar sim ko tidak bisa?,Netral,daftar sim ko
466,Trima kasih dengan kapolri yg telah memberi kesempatan pembuatan sim onlain. Tapi saya sudah perpanjangan tpi belum ad kompirmasi.,Positif,trima kasih kapolri yg sempat buat sim onlain panjang tpi ad kompirmasi
467,Solusi perpanjangan sim tanpa antre dan tanpa keluar rumah di masa pandemi!!! good job.. good service..,Positif,solusi panjang sim antre rumah pandemi good job good service
468,Matulll.... Sangat amat membantu. 30menit selesai. Sim 2 hari samoai rumah.,Positif,matulll bantu menit selesai sim samoai rumah
469,"Jozzz, cpet bgt jadinya Gak perlu antri..",Positif,jozzz cpet bgt gak antri
470,Kalau perpanjang sim yg hilang bisa g?,Positif,panjang sim yg hilang g
471,Apakah bisa kalau erikkes tidak datang ke kliniknya,Positif,erikkes klinik
472,Setelah masukan pin gk masuk ke halaman beranda. Ini bagaimana?,Negatif,masuk pin gk masuk halaman beranda
473,Saya sangat kecewa dengan aplikasi digital korlantas polri untuk perpanjangan sim c di wilayah jawa tengah khususnya daerah cilacap karena di daerah saya masih ada pungli perpanjangan sim dan membuat sim baru jadi adanya digital korlantas polri sangat membantu masyarakat agar terhindar pungli dan bikinnya gampang ehh ternyata dengan pelayanan perpanjangan sim baru dengan Tembak polisi,Netral,kecewa aplikasi digital korlantas polri panjang sim c wilayah jawa daerah cilacap daerah pungli panjang sim sim digital korlantas polri bantu masyarakat hindar pungli bikin gampang ehh layan panjang sim tembak polisi
474,Enggak ada layanan untuk pendaftaran SIM. Terima kasih.,Negatif,layan daftar sim terima kasih
475,Good pisan,Positif,good pis
476,Mantap,Positif,mantap
477,SAYA SUDAH SAMPAI TAHAP TEST PSIKOLOGI LALU GMN LGI YA?? SOALNYA MANDEG DI SITU,Positif,tahap test psikologi gmn lgi ya mandeg situ
478,Layanan ini memudahkan masyarakat untuk melengkapi surat2 kendaraan bermotor,Positif,layan mudah masyarakat lengkap surat kendara motor
479,Sangat membantu,Positif,bantu
480,Yg pembayaran 24500 Uda giliran bayar yg 90rb susah Ini saya lanjut ke pembayaran kok yg muncul batas waktu anda telah berakhir Mulu ya......itu kenapa...tolong dijawab 2)klo di app gak ada notif lanjutan transaksi apa gak ilang duit saya klo hanya tranfer aja ke rekening yg sama Setelah di update baru bener ini aplikasi maju terus buat semakin mudah biar rakyat gak gundah.....ğŸ‘,Positif,yg bayar uda gilir bayar yg rb susah bayar yg muncul batas mulu ya tolong klo app gak notif lanjut transaksi gak ilang duit klo tranfer aja rekening yg update bener aplikasi maju mudah biar rakyat gak gundah
481,POLiSi-MOBiL,Positif,polisi-mobil
482,Luarbiasa,Positif,luarbiasa
483,Sangat membantu untuk yg perpanjangan sim,Positif,bantu yg panjang sim
484,"SANGAT MEMBANTU MASYARAKAT DI MASA PANDEMI INI SEMUA BISA DILAKUKAN TANPA KELUAR RUMAH, UNTUK MEWAJIBKAN KITA PATUH TERHADAP PROKES YANG ADA. GOOD JOB.. GOOD SERVICE.. TERIMA KASIH INDONESIA KU..",Positif,bantu masyarakat pandemi rumah wajib patuh prokes good job good service terima kasih indonesia ku
485,Sangat Bermanfaat,Positif,manfaat
486,Udah bisa.,Positif,udah
487,"Terima kasih pelayanan SIM Online ini sangat membantu, Saran untuk Foto harap diperhatikan, Kemudian kerjasama dengan ekspedisi lain supaya bisa lebih cepat",Positif,terima kasih layan sim online bantu saran foto harap perhati kerjasama ekspedisi cepat
488,"Salam, Admin Korlantas Polri untuk layanan SIGNAL masih dalam proses pengembangan. Lalu, kapan layanan ini dapat digunakan? Dan apakah ada layanan lain untuk membayar pajak tahunan secara online.? Terimakasih.",Positif,salam admin korlantas polri layan signal proses kembang layan layan bayar pajak tahun online terimakasih
489,"entah kenapa proses nya lama banget, sy sudah bayar. nubggu diproses lama, padahal pengajuan jam 12, tp sampai malam belum selesai",Netral,proses nya banget sy bayar nubggu proses aju jam tp malam selesai
490,"Mau tanya,tes kesehatan harus dateng ke rmh sakit yg di tentukan/ditunjuk?apa gak bisa dilakukan tes online seperti tes psikologis?tes psikologis/kesehatan cukup 1x untuk perpanjang sim A dan sim C ?thx",Positif,tanyates sehat dateng rmh sakit yg tentu gak tes online tes psikologis tes psikologis sehat x panjang sim a sim c thx
491,Memperpanjang sim. mengecek dan mengambil sim atau di kirim ke alamat sesuai dengan ktp. Sangat mudah dan menghemat waktu,Positif,panjang sim ecek ambil sim kirim alamat sesuai ktp mudah hemat
492,"Email di anggap tidak valid padahal sudah di pastikan email masih bisa di gunakan bahkan email masih bisa buat ngetik, komen dan kasih rating disini",Negatif,email anggap valid pasti email email ngetik komen kasih rating
493,Ok,Positif,ok
494,"Mantap sekali aplikasinya, memudahkan saya perpanjangan SIM tanpa harus ke kantor polisi.",Positif,mantap aplikasi mudah panjang sim kantor polisi
495,Mantaap banget,Positif,mantaap banget
496,"Kalo ""batas waktu transaksi sudah berakhir"" harus gimana? Ulang dari awal gak bisa bayar juga gak bisa, padahal ada batas waktu 1x24jam baru 6 jam udah gak bisa",Negatif,kalo batas transaksi gimana ulang gak bayar gak batas xjam jam udah gak
497,"Trimakasih pelayananya ,moga bisa di tingkatkan dan di optimalkan",Positif,trimakasih pelayananya moga tingkat optimal
498,Good,Positif,good
499,sangat memuaskan.. perpanjangan sim sambil rebahan saja di rumah..,Positif,muas panjang sim rebah rumah
