sim,952
aplikasi,886
verifikasi,561
gagal,435
panjang,367
bantu,294
proses,290
mudah,281
ktp,267
polri,259
mohon,242
coba,229
moga,225
masuk,224
bayar,206
kasih,201
otp,196
baik,194
susah,192
terima,191
kirim,188
online,178
masyarakat,173
satpas,171
layan,167
daftar,165
wajah,159
bagus,156
tanggal,154
pilih,144
polda,142
kode,140
tolong,138
data,137
hasil,137
mantap,137
foto,133
tes,130
sih,128
kalo,123
bikin,120
tunggu,117
ikut,117
pakai,114
cepat,112
bintang,109
korlantas,108
email,105
sulit,103
tinggal,95
hp,95
sesuai,94
laku,93
banget,92
rumah,90
ribet,90
terimakasih,87
manfaat,86
sehat,84
alhamdulillah,81
maaf,80
pas,78
lokasi,75
jaya,73
sedia,73
no,73
april,71
ulang,70
habis,69
wilayah,69
langsung,67
jatim,67
buka,67
urus,66
nomor,65
psikologi,65
a,64
selesai,63
tahap,62
lancar,62
buat,61
muncul,61
kembang,60
pos,60
indonesia,59
login,58
polres,58
sukses,55
depan,55
salah,55
deh,54
isi,53
bravo,53
mulu,52
instruksi,52
polisi,50
e,50
metro,49
min,48
tingkat,48
e-ktp,47
lengkap,46
solusi,46
akses,45
jam,44
nik,44
maju,44
guna,43
update,43
biar,42
nih,42
digital,41
gera,41
apk,41
eppsi,41
status,40
suruh,40
harap,40
fitur,39
pasuk,39
ok,38
mei,38
jalan,37
kepala,37
antri,36
cahaya,36
biaya,36
minggu,36
terang,36
kayak,36
kali,35
bug,35
kendala,34
error,34
download,33
app,33
daerah,33
alamat,33
sistem,32
sabar,32
menu,32
registrasi,32
saran,32
keren,32
pandemi,31
jombang,31
sempurna,31
ubah,31
upload,30
test,30
kerja,29
good,29
lanjut,29
launching,29
tolak,29
transfer,28
tunjuk,28
orang,28
erikkes,28
jawa,27
butuh,27
jateng,27
selamat,27
nama,26
mana,26
kemarin,26
jabar,25
verivikasi,25
mulut,25
dokter,25
calo,25
payah,25
kedip,24
jelas,24
gabisa,24
niat,24
inovasi,24
mati,24
ambil,24
kecewa,24
baru,24
nomer,24
cek,23
uang,23
e-rikkes,23
mending,23
capek,23
angguk,23
cetak,22
fungsi,22
kurang,22
admin,22
klik,22
jelek,22
via,22
parah,22
mata,22
b,22
kagak,22
bingung,21
transaksi,21
pagi,20
semangat,20
aju,20
pin,20
repot,20
eror,19
syarat,19
mangap,19
intruksi,19
arah,19
kamera,19
kota,19
ektp,19
tau,19
info,19
terbit,19
psikotes,18
cari,18
gilir,18
lulus,18
ganti,18
tuju,18
dekat,18
berita,18
rikkes,18
digitalisasi,18
tulis,18
sayang,18
simnya,18
muka,18
geleng,18
periksa,17
cuman,17
tambah,17
mantab,17
bilang,17
dokumen,17
kartu,17
ribu,17
oke,16
notifikasi,16
akun,16
an,16
salam,16
alas,16
luncur,16
malam,16
rpc,16
buang,16
beres,16
stnk,16
hubung,15
loading,15
terobos,15
aktif,15
satpasnya,15
temu,15
doang,15
lumayan,15
gampang,15
beda,15
domisili,15
kapolri,15
atur,15
sms,15
siang,15
keliling,15
sinar,15
ampun,15
eh,14
warga,14
time,14
ibu,14
lihat,14
maksimal,14
simpan,14
perintah,14
respon,14
hilang,14
server,14
konfirmasi,14
instal,14
dll,14
presisi,14
out,13
canggih,13
goyang,13
pasu,13
negara,13
paksa,13
uji,13
kantor,13
jakarta,13
praktis,13
gue,13
e-ppsi,13
nasional,12
notif,12
barat,12
makasih,12
informasi,12
aneh,12
timeout,12
dukung,12
kembali,12
pungli,12
pol,12
ngisi,11
mantul,11
manual,11
langkah,11
kena,11
muter,11
milik,11
baca,11
ku,11
tugas,11
fisik,11
n,11
faskes,11
telepon,11
surabaya,11
masalah,11
buruk,11
senang,11
ujung,11
kualitas,11
pajak,10
teknologi,10
sibuk,10
kabupaten,10
verif,10
rilis,10
install,10
samsat,10
sungguh,10
menit,10
uninstall,10
publik,10
besok,10
rakyat,10
step,10
denied,10
va,10
antar,10
bni,10
rating,10
metrojaya,10
pasti,10
batal,10
rumit,9
profil,9
tera,9
duduk,9
jaman,9
pokok,9
rekening,9
indak,9
henti,9
link,9
apresiasi,9
pandu,9
gila,9
lambat,9
jaring,9
prosedur,9
usaha,9
bal,9
aman,9
keburu,9
penuh,9
uninstal,9
kunjung,9
nyata,9
valid,9
hari,9
tilang,9
bolak,9
ndan,8
telp,8
makan,8
kendara,8
tampil,8
sinyal,8
ulas,8
offline,8
scan,8
apa,8
malang,8
salut,8
alami,8
fix,8
mahal,8
ktpnya,8
hati,8
verfikasi,8
aduh,8
hapus,8
halo,8
cs,8
paham,8
emosi,8
mesti,8
sila,8
input,8
mentok,8
sosialisasi,8
tim,8
saat,8
pengin,8
siap,8
kesel,8
masa,8
bandung,8
serba,7
hemat,7
trimakasih,7
malu,7
sumpah,7
rp,7
stabil,7
takut,7
lintas,7
simpel,7
administrasi,7
timur,7
razia,7
bpk,7
developer,7
sore,7
kah,7
paket,7
covid,7
nyaman,7
era,7
psikolog,7
sebentar,7
benah,7
birokrasi,7
masak,7
tangan,7
register,7
rubah,7
kacau,7
thanks,7
sok,7
program,7
edit,7
cerah,7
internet,7
leher,7
surat,7
bisa,7
publikasi,7
aktivasi,7
bapak,7
duit,7
pemberitahuan,6
lupa,6
antre,6
fokus,6
luas,6
komplit,6
benerin,6
the,6
kaca,6
publish,6
tanggap,6
batu,6
inovatif,6
opsi,6
asli,6
dilaunching,6
user,6
lewat,6
gara,6
tiga,6
bebas,6
terus,6
poto,6
apps,6
lanjur,6
total,6
deteksi,6
mah,6
lolos,6
form,6
log,6
pesan,6
hindar,6
optimal,6
kontak,6
mepet,6
job,6
appnya,6
permission,6
dah,6
contoh,6
komentar,6
sidoarjo,6
situ,6
gan,6
psikotest,6
erikes,6
jasa,6
pak,6
tindak,6
rugi,6
benar,6
identitas,6
cermat,6
bukti,6
buru,6
media,6
banyak,6
lonjak,6
bawa,5
account,5
amin,5
pikir,5
oknum,5
jos,5
klinik,5
trims,5
gerak,5
ongkir,5
abal,5
kolom,5
apl,5
kab,5
tutorial,5
stuck,5
gel,5
dapat,5
balas,5
pusing,5
note,5
handphone,5
virtual,5
loh,5
ketemu,5
murah,5
sip,5
upgrade,5
manis,5
ane,5
merah,5
kes,5
invalid,5
jadi,5
knapa,5
maning,5
gojek,5
sampah,5
tuh,5
hitung,5
pulau,5
lu,5
adu,5
bank,5
pt,5
jenis,5
byr,5
motor,5
tahun,5
cacat,5
kacamata,5
hormat,5
video,5
komandan,5
polresta,5
allah,5
profesional,5
izin,5
sebar,5
erti,5
percaya,5
not,5
normal,5
nikmat,5
alhamdulilah,5
depok,5
sebab,5
barusan,5
team,5
dar,5
melulu,5
pindah,5
muas,5
top,5
pribadi,5
akhir,4
upaya,4
silang,4
sdm,4
auto,4
berat,4
halaman,4
enak,4
republik,4
pencet,4
sepenuh,4
hebat,4
harga,4
close,4
playstore,4
baharu,4
servernya,4
gin,4
ah,4
jujur,4
heran,4
fasilitas,4
pencerahanya,4
unverified,4
kondisi,4
layak,4
pengaruh,4
lacak,4
atuh,4
pindai,4
vertifikasi,4
hidup,4
tutup,4
nongol,4
kalah,4
hahaha,4
tengah,4
kabar,4
aksesoris,4
gantung,4
lapang,4
lunas,4
mhn,4
pegang,4
satu,4
expired,4
bogor,4
praktek,4
suap,4
rebah,4
kelas,4
center,4
sragen,4
sakit,4
suka,4
boro,4
gambar,4
unggah,4
ayo,4
kuota,4
lounching,4
sedih,4
jajar,4
system,4
id,4
bidang,4
koneksi,4
porli,4
jarak,4
tranfer,4
report,4
cantum,4
dana,4
angel,4
persen,4
ayom,4
force,4
nice,4
sengaja,4
hadir,4
depa,4
ajar,4
tanda,4
kalimantan,4
untung,4
photo,4
kait,4
selfie,4
hadeh,4
wajar,4
bos,4
puskesmas,4
dasar,4
resi,4
metode,4
efektif,4
lot,4
jumat,4
puluh,4
entar,4
sumut,4
trobosan,4
keluar,4
anak,4
dsb,4
tertib,4
tombol,4
unt,4
efisien,4
kasihan,4
tarik,4
ketik,4
detik,4
ecek,3
catat,3
asih,3
lucu,3
i,3
negatif,3
call,3
lampung,3
berantas,3
sumatera,3
kak,3
tehnologi,3
bekas,3
nomernya,3
aplikasih,3
pegal,3
up,3
pintu,3
please,3
desa,3
ribetnya,3
rasa,3
prokas,3
ucap,3
rek,3
kesiap,3
ngikuti,3
release,3
transparan,3
simple,3
verified,3
database,3
kelar,3
rampung,3
liar,3
tengok,3
biru,3
iya,3
tua,3
zaman,3
tiap,3
tekan,3
korupsi,3
busuk,3
on,3
tlong,3
darat,3
pakkk,3
estimasi,3
nya,3
best,3
tahu,3
komen,3
kapai,3
tips,3
provinsi,3
alam,3
ratus,3
institusi,3
visi,3
ter,3
senin,3
tempat,3
by,3
kanan,3
loginnya,3
gandos,3
musim,3
direspon,3
musti,3
besar,3
tv,3
ngulang,3
tf,3
pasword,3
lantas,3
istri,3
kaltim,3
kejar,3
jl,3
gerai,3
satgas,3
patuh,3
dngn,3
unduh,3
diam,3
kenal,3
kiri,3
medan,3
bohong,3
minimal,3
kawan,3
lai,3
dengar,3
spek,3
teh,3
utara,3
riau,3
perhati,3
otomatis,3
kepake,3
respons,3
otpnya,3
kodepos,3
responsif,3
xiaomi,3
mhon,3
khusus,3
akurat,3
si,3
alih,3
bas,3
kudu,3
ongkos,3
slesai,3
camat,3
bangun,3
wil,3
berkas,3
riwayat,3
joss,3
konek,3
ragu,3
naik,3
mau,3
tembak,3
teman,3
duh,3
sesi,3
sabtu,3
alaikum,3
yogyakarta,3
janji,3
putus,3
jawab,3
bu,3
denda,3
berulangkali,3
anti,3
daptar,3
malas,3
singkat,3
full,3
pulang,3
duluan,3
maha,3
vermuk,3
d,3
telpon,3
nol,3
errikes,3
sosmed,3
kemari,3
vitur,3
dibenerin,3
validation,3
kesana,3
trnyta,3
serta,3
permisi,3
mutu,3
puasa,3
swasta,3
batas,3
tarif,3
resmi,3
sia,3
wkwkwk,3
pandemik,3
bro,3
youtube,3
barcode,3
roda,3
puas,3
poses,3
kuat,3
rekam,3
golong,3
ferivikasi,3
sigit,3
maklum,3
signal,3
mantaaaap,3
amit,3
mobil,3
gada,3
rata,3
probolinggo,3
kadaluarsa,3
ramah,3
versi,3
donlot,3
belit,3
lapor,3
umur,3
service,3
pada,3
drmh,3
posisi,3
raya,3
wifi,3
background,2
kec,2
chrome,2
propinsi,2
trsedia,2
access,2
seluruh,2
mbok,2
om,2
pop,2
tepat,2
sandi,2
pintar,2
dunia,2
kerumun,2
jelass,2
donwload,2
perangkat,2
kosong,2
voucher,2
daftarin,2
ppsi,2
solo,2
jaga,2
down,2
blitar,2
ijin,2
main,2
karena,2
nihil,2
poldanya,2
trkirim,2
dalam,2
recommended,2
merespon,2
overload,2
screaning,2
maksud,2
popup,2
rahasia,2
inti,2
sadar,2
nominal,2
diberitahu,2
tempo,2
ig,2
angka,2
yth,2
pakde,2
binggung,2
ampas,2
satpas-nya,2
bapa,2
selfi,2
ma,2
rupiah,2
performa,2
atas,2
l,2
validasi,2
minus,2
perihal,2
pelosok,2
beta,2
develop,2
trma,2
ferifikasi,2
errornya,2
iklan,2
amatir,2
pinjol,2
inimah,2
hukum,2
pelan,2
bentar,2
sisa,2
khawatir,2
ujicoba,2
mogot,2
diy,2
trobosanya,2
gi,2
recognition,2
evaluasi,2
order,2
bijak,2
detail,2
gembar,2
diinstal,2
kampung,2
kentang,2
maaaf,2
tidur,2
konsumen,2
is,2
tahan,2
hancur,2
alias,2
password,2
terap,2
kadang,2
banking,2
as,2
tnyta,2
minta,2
merem,2
subuh,2
updatenya,2
prank,2
zonk,2
and,2
luar,2
dikirm,2
cianjur,2
cinta,2
jangka,2
polantas,2
terverivikasi,2
area,2
trial,2
kece,2
errorr,2
iso,2
darah,2
sudaj,2
jabat,2
go,2
verifide,2
alternatif,2
bisah,2
pertanggungjawabannya,2
jangkau,2
serah,2
msyarakat,2
nyerah,2
verivikasinya,2
segitu,2
mantull,2
shg,2
s,2
banyumas,2
makas,2
gapapa,2
masyrakat,2
ide,2
rame,2
ngangguk,2
grab,2
terusssssssssss,2
tubuh,2
typo,2
permision,2
dkirim,2
diri,2
help,2
serius,2
taat,2
instansi,2
utama,2
publis,2
ngabisin,2
daring,2
syaa,2
slow,2
karya,2
menyelsaikan,2
aco,2
aplkasi,2
ponsel,2
bangsa,2
bagi,2
tks,2
sudha,2
avis,2
luck,2
aim,2
libur,2
rs,2
budaya,2
-umum,2
exp,2
awal,2
adaptasi,2
right,2
hmmm,2
saya,2
kaya,2
blablabla,2
we,2
chat,2
nauzubillah,2
satlantas,2
gpp,2
keluh,2
web,2
ekspektasi,2
perpanjng,2
umtuk,2
euy,2
mantabbb,2
rikes,2
curiga,2
ganggu,2
kumis,2
sambung,2
save,2
very,2
po,2
perdana,2
hape,2
adakan,2
-polos,2
semu,2
linknya,2
gresik,2
perifikasi,2
etik,2
cakup,2
datang,2
pajang,2
tinjau,2
anjur,2
bojonegoro,2
bang,2
realisasi,2
check,2
apkah,2
ux,2
fiturnya,2
studio,2
serang,2
sepi,2
bagimana,2
gausah,2
beli,2
telaten,2
dki,2
ada,2
bbrapa,2
mentang,2
betulin,2
ceklis,2
pusat,2
ksna,2
cocok,2
caer,2
antusias,2
rekrut,2
gembor,2
gebu,2
terkadang,2
efisiensi,2
apknya,2
face,2
ssh,2
motion,2
mobile,2
gede,2
polriku,2
anjir,2
ready,2
scanning,2
lalulintas,2
terupdate,2
place,2
onlinenya,2
setting,2
rim,2
cabut,2
ber,2
teross,2
dikit,2
pesimis,2
jasmani,2
sesal,2
gim,2
corner,2
hehehe,2
aplilasi,2
tipe,2
rekan,2
selatan,2
dirlantas,2
sinkron,2
ui,2
ex,2
biodata,2
madiun,2
gebrak,2
mbps,2
warna,2
request,2
ending,2
far,2
alhasil,2
mksh,2
jawabanya,2
sda,2
mash,2
yess,2
dear,2
wb,2
muda,2
ringan,2
memper,2
koorlantas,2
btw,2
selsai,2
fitur-fitur,2
edan,2
sejahtera,2
jatuh,2
tonton,2
tamvan,2
smpek,2
jauh,2
apalikasi,2
laksana,2
me,2
lngsng,1
sulut,1
jombang-ponorogo,1
identikasi,1
dijalankann,1
curhat,1
istilah,1
diporles,1
dapa,1
lemotttt,1
disetujuin,1
psycology,1
syusyah,1
sidik,1
gua,1
continued,1
audah,1
promo,1
confirmasi,1
salute,1
semangaaaaat,1
ngaur,1
dipalek,1
bbermanfaat,1
kelola,1
merasah,1
hasilny,1
umpama,1
su,1
timout,1
amninnn,1
telkomsel,1
bantung,1
bagaiman,1
alhamduillah,1
angus,1
kecil,1
sayav,1
teemasuk,1
bangga,1
hahahaha,1
push,1
ajsusah,1
revisi,1
share,1
jangan,1
menperpanjang,1
gatsu,1
bahaya,1
perivikasi,1
tdx,1
lalu,1
trf,1
thanx,1
belanja,1
working,1
pesat,1
hirau,1
nonaktif,1
obyek,1
awak,1
tuhan,1
aplikasu,1
verfuksi,1
dok,1
sgera,1
mhm,1
kesalahn,1
kemudia,1
sudan,1
buly,1
internasional,1
rambut,1
reservasi,1
kian,1
stop,1
mula,1
keluarga,1
sycology,1
vsrtifikasi,1
oh,1
progresny,1
sprtinya,1
sulsel,1
double,1
wakil,1
betapa,1
lin,1
ruwet,1
demi,1
regist,1
nota,1
pemngembangan,1
faskesnya,1
mis,1
set,1
like,1
mucul,1
buset,1
mggu,1
giat,1
bjalan,1
kesamsat,1
tanya,1
tenaga,1
ngedownload,1
congek,1
sorga,1
di,1
bicara,1
seleseikan,1
siswa,1
saspas,1
profile,1
bingkai,1
redy,1
kad,1
didonlot,1
wkwkk,1
nmor,1
profesionalisme,1
koreksi,1
revolusi,1
koorlatas,1
tangerang,1
ngangguk-ngangguk,1
applikasinya,1
satapas,1
tasik,1
operasi,1
tengleng,1
ggl,1
gratis,1
reformasi,1
formalitas,1
dosa,1
pysikologi,1
rencana,1
ta,1
servis,1
hujat,1
pahadal,1
nape,1
ihklas,1
kaji,1
dompet,1
tenggat,1
blsn,1
dual,1
spot,1
gerakambetul,1
pamekasan,1
diskon,1
assalami,1
ggal,1
erah,1
trim,1
datng,1
celaka,1
hehe,1
tipu,1
mesikipun,1
semntara,1
kmna,1
tercantun,1
susul,1
entry,1
bufering,1
jahat,1
buangeeeeeeettt,1
hadap,1
luarbiasa,1
mail,1
notes,1
dahhh,1
bumn,1
simling,1
dug,1
tujuanya,1
hoki,1
progress,1
gagap,1
-mei,1
jawababbya,1
pliss,1
ngakses,1
ditambahin,1
birojasa,1
kapolrinya,1
oprasional,1
tambaaaah,1
ghosting,1
udang,1
rekor,1
lok,1
korp,1
sampai,1
gda,1
ketidaknyamanan,1
tdknya,1
juni,1
sebenerny,1
sangan,1
kalang,1
mundurin,1
alhmdllh,1
cipta,1
allhamdulillah,1
mantaaappp,1
redmi,1
kshatan,1
max,1
msuknya,1
dipublis,1
masarakat,1
excellent,1
mslah,1
indoooo,1
wib,1
extra,1
drive,1
majuu,1
timbang,1
segera,1
nkri,1
beban,1
mmperpnjang,1
pratama,1
abisin,1
tenggang,1
says,1
agung,1
disatuin,1
sebenrnya,1
pinjolbodong,1
verifilasih,1
lebaran,1
deplovernya,1
serbu,1
wi-fi,1
dihimbau,1
meresehkan,1
failed,1
tanggung,1
panas,1
ferivikasinya,1
notifnya,1
minat,1
ri,1
format,1
lainnnya,1
ber-xx,1
ngribetin,1
lo,1
wilkum,1
huruf,1
pandang,1
anggugkin,1
warta,1
kuadrat,1
ratingnya,1
amanah,1
aplikasini,1
langkat,1
covid-,1
psiko,1
bisaaaa,1
bilamana,1
mop,1
subsidi,1
akan,1
vrifikasi,1
kantong,1
damai,1
komfirmasi,1
kom,1
pabrik,1
ribed,1
jangn,1
kika,1
kesini,1
hadewh,1
semoha,1
demak,1
god,1
smartphone,1
dimanasaja,1
trik,1
hapir,1
semat,1
hhmmm,1
anggar,1
kalsel,1
satulagi,1
bravopolri,1
cirendeu,1
terinstal,1
begal,1
dtingkankan,1
other,1
terussss,1
gerbang,1
banjar,1
hang,1
manganggukan,1
focus,1
misi,1
instruktur,1
salh,1
payaahhhh,1
juli,1
senoga,1
celah,1
di-update,1
urkes,1
resolusi,1
anggap,1
purwokerto,1
acc,1
erorr,1
andal,1
drumah,1
jeleq,1
paspor,1
indentitas,1
diberitahukan,1
praktik,1
kurleb,1
sukoharjo,1
gov,1
a-polos,1
pahlawan,1
oi,1
serfer,1
mumpuni,1
vivo,1
mubadzir,1
terimkasih,1
mari,1
tegal,1
store,1
tampa,1
ala,1
omong,1
rabu,1
tangkap,1
klaw,1
tidal,1
picture,1
off,1
bis,1
tlf,1
kemas,1
renew,1
coe,1
durasi,1
perpanjangn,1
wow,1
nelum,1
kelamin,1
gudang,1
semarang,1
giamna,1
dipaksain,1
nyengitna,1
smoot,1
onlin,1
sumsel,1
verikasi,1
kapan,1
jempol,1
nanyain,1
website,1
maret,1
akibat,1
insyaa,1
paraaaaaaaahhhh,1
semangatin,1
renaldi,1
panik,1
match,1
kram,1
han,1
kuliah,1
tujuh,1
nb,1
kapolru,1
familiar,1
grafis,1
kilas,1
muluuuu,1
improv,1
sebabny,1
penjelasnyannya,1
tetulis,1
produktif,1
went,1
lago,1
just,1
duryat,1
sla,1
rt,1
jossss,1
fit,1
fito,1
pemprosesan,1
diversifikasi,1
ilut,1
pernh,1
semkain,1
tiktok,1
sumber,1
teknis,1
siapin,1
aflikasi,1
telatenin,1
leng,1
light,1
sedikitpjn,1
uai,1
jazakumullahu,1
daripda,1
akal,1
ketangkep,1
kira,1
haduuhh,1
lelet,1
listio,1
muat,1
mantaaapp,1
benderang,1
keu,1
oriented,1
sebelumny,1
kedap-kedip,1
batass,1
soon,1
gkbisa,1
sering,1
brhenti,1
downloadnya,1
regis,1
konsultasiin,1
barangkali,1
lebong,1
dinihari,1
eppsilah,1
warnett,1
independen,1
pelamin,1
ua,1
buku,1
kaizen,1
konten,1
marak,1
tajam,1
nganggug,1
mantafff,1
ngelag,1
bast,1
outlet,1
visioner,1
ruang,1
peran,1
alur,1
lolololo,1
deadline,1
signifikan,1
humanis,1
cahay,1
wahidin,1
kau,1
ngeblank,1
dilink,1
delat,1
notabene,1
digitalisai,1
kabeh,1
varifikasi,1
keshatan,1
dkat,1
selesaiken,1
telat,1
ternate,1
dperbaiki,1
susaaaaah,1
trm,1
wkkw,1
barundownloaf,1
siar,1
helehhhh,1
ekspetasi,1
perkara,1
polsek,1
unjung,1
tatap,1
trimksih,1
kash,1
wlupun,1
sangkut,1
systemnya,1
magetan,1
newmind,1
pantesan,1
selaluuu,1
pull,1
pedoman,1
apkilasi,1
apr,1
customer,1
progres,1
libat,1
membantuuuuuu,1
ngelengkapi,1
berkat,1
brkhir,1
dowlod,1
burung,1
rbet,1
forma,1
putar,1
hard,1
tulus,1
indrustri,1
ai,1
usha,1
mmng,1
mandeg,1
pergi,1
oleh,1
mm,1
tingkatkn,1
shop,1
sangak,1
situasi,1
indonsia,1
dijambi,1
jrng,1
agresif,1
verivikask,1
maluin,1
super,1
ngurusnya,1
dengang,1
pegiriman,1
temasuk,1
haduhhhhh,1
garut,1
astagfirullah,1
ajib,1
tenang,1
bgm,1
a-umum,1
meperuwet,1
guru,1
matang,1
basi,1
erro,1
gaji,1
digitalisasasi,1
lah,1
ramai,1
hubungin,1
disiplin,1
kcmta,1
gininmah,1
negeri,1
dipolda,1
mengindari,1
hese,1
natar,1
awam,1
code,1
genit,1
linked,1
penggunaanny,1
runah,1
conteng,1
jalur,1
bel,1
bantuannyaa,1
andalalin,1
samapai,1
abadi,1
rujukanya,1
mamasukan,1
ketua,1
pura,1
bodong,1
apliaksi,1
jombang-jatim,1
mmakan,1
skalian,1
riskess,1
faedah,1
sisi,1
live,1
rekingan,1
rk,1
tjuan,1
se-indonesia,1
terangjg,1
pendftran,1
detect,1
sesui,1
smart,1
fast,1
barang,1
diupdate,1
untuk,1
fleksibilitas,1
berlau,1
sah,1
dikorlantas,1
menftar,1
terveriv,1
alangkah,1
nope,1
miiter,1
notiv,1
sakpole,1
tuban,1
fail,1
veripikasi,1
bintak,1
brhasih,1
daftr,1
play,1
dtgu,1
sanggup,1
teverifikasi,1
senyum,1
ngeribetin,1
dikerjain,1
blakang,1
smsnya,1
akasih,1
veridikasi,1
brapo,1
ring,1
tengkleng,1
tervrefikasi,1
google,1
stars,1
gaes,1
hany,1
o,1
wassalamu,1
moohon,1
ziap,1
police,1
tayang,1
kampar,1
memodahkan,1
perijinan,1
mon,1
puncak,1
pendek,1
gbsa,1
digunain,1
langkap,1
mojokerto,1
indramayu,1
simpati,1
disebarluarkan,1
daan,1
pusdokes,1
kata,1
terimaksih,1
bravooo,1
liat,1
operasional,1
semua,1
tppas,1
pdf,1
istruksi,1
melolo,1
dpr,1
dta,1
gmna,1
konsultasi,1
gimin,1
rejang,1
spesifik,1
galaxi,1
melek,1
trmkasih,1
memberika,1
esok,1
relog,1
pencalohan,1
pnbp,1
korlantaspolri,1
asep,1
noleh,1
pening,1
ralat,1
deskripsi,1
meding,1
welcome,1
manfaatin,1
wagra,1
omg,1
tekhnologi,1
pusdokkesnya,1
jooss,1
atik,1
kepakek,1
mutasi,1
aut,1
tlaten,1
dteg,1
mall,1
icon,1
trip,1
mogaaja,1
amazing,1
kaum,1
percepet,1
biarpun,1
sportif,1
poda,1
naikin,1
jogja,1
mering,1
hadeuhhhh,1
firebase,1
josssss,1
cok,1
nuggu,1
minim,1
assalamu,1
nilai,1
plus,1
gud,1
transportasi,1
kurir,1
dinudahkan,1
nyangkut,1
sbentar,1
hadeeh,1
masya,1
pinjam,1
heboh,1
prematur,1
tepenuhi,1
sebener,1
parameters,1
great,1
lain,1
macet,1
awalny,1
aku,1
dijelasin,1
melotot,1
spesifikasi,1
jiwa,1
suport,1
memasukkna,1
kasur,1
netode,1
kedap,1
tuuhh,1
akirnya,1
pare,1
maaih,1
thr,1
ngebug,1
biyaya,1
cash,1
cancel,1
amet,1
manggutnya,1
ver,1
mantullllll,1
yooo,1
lampu,1
sipil,1
timur-bontang,1
jadwal,1
membantubdan,1
kalbar,1
rakyatyabdi,1
stres,1
ancurr,1
kirimn,1
cikal,1
kasi,1
janagan,1
hangus,1
nulisnya,1
ngawi,1
sekitat,1
bossss,1
samsung,1
mancaaaap,1
mentah,1
mnit,1
mehong,1
baguuuuuuus,1
tlfn,1
menginput,1
kenyataanya,1
petujuk,1
fleksibel,1
cetus,1
hadeuuhh,1
support,1
walajaib,1
citra,1
responsible,1
daeran,1
selisih,1
kemeja,1
sim-c,1
trouble,1
kodok,1
gunungkidul,1
dbantu,1
apliakasi,1
mmbrikan,1
lindung,1
jari,1
kencang,1
bpergian,1
saaf,1
ngambil,1
alasanya,1
af,1
progresif,1
tlpn,1
anggran,1
respond,1
transparansi,1
eaaaaaaaaaaaaaak,1
neraka,1
dmobil,1
ditindaklanjuti,1
cob,1
kelura,1
rekomended,1
antusian,1
ngab,1
teteap,1
dengan,1
tahi,1
kch,1
trss,1
e-mail,1
xxx,1
datemg,1
bnrin,1
ohhh,1
lakuakan,1
page,1
mantabssss,1
umum,1
wanti,1
mntap,1
cukur,1
swafoto,1
itu,1
assalmualaikum,1
hadehhh,1
kedetek,1
biaa,1
medikal,1
luntur,1
kbr,1
integritas,1
milu,1
ekstra,1
riweh,1
laman,1
mud,1
bigron,1
bubar,1
kriteria,1
passwordnya,1
bae,1
pencerahannyaa,1
ikhlas,1
mingu,1
ngedip,1
kga,1
mantuull,1
harus,1
layar,1
ngeprank,1
dtempat,1
irikes,1
parahhhh,1
tq,1
terkhir,1
kliru,1
serempak,1
sedangakan,1
potensi,1
pandduan,1
kaluar,1
jenderal,1
ojol,1
terfrevikasi,1
begimana,1
brlaku,1
wkwk,1
bodo,1
fitur-fitunya,1
turut,1
wr,1
well,1
ketimbang,1
final,1
manusia,1
oara,1
adm,1
masookkkk,1
epsi,1
jadul,1
va-nya,1
rajalela,1
bagaiamana,1
bewok,1
real,1
ngawur,1
marketing,1
tbtb,1
mangsa,1
canda,1
ndk,1
njelimet,1
dftrkan,1
nganguk,1
uuid,1
psycologi,1
pingsan,1
iyeu,1
insyaallah,1
dua,1
mandatory,1
hoak,1
desain,1
lho,1
feritivikasi,1
seribed,1
mudahmudahan,1
badut,1
khair,1
trimksh,1
benerrrrr,1
pie,1
teruuuuuussss,1
tpsalah,1
ketilang,1
brilian,1
persis,1
maff,1
pngriman,1
malakukan,1
berfingsi,1
proyek,1
errikkes,1
ngabis,1
skln,1
ewngan,1
p,1
bersih,1
gax,1
hmmmm,1
trverivikasi,1
vermuknya,1
tidak,1
entri,1
bi,1
lipas,1
pilhan,1
masakan,1
tang,1
suara,1
bacot,1
lingkung,1
luamaaaaaa,1
karenya,1
telah,1
perpanjangam,1
hambat,1
loket,1
mboh,1
meberikan,1
uhuuuuuuuy,1
dapet-dapet,1
mdh,1
mantaappp,1
petunjuknyaaa,1
gann,1
akak,1
dateng,1
bhkan,1
android,1
ie,1
pngrn,1
dilaksanankan,1
prkmbangan,1
line,1
launchin,1
provider,1
biometrik,1
masukkl,1
hal,1
sita,1
busa,1
mullu,1
e-ktpnya,1
work,1
bgaimana,1
onlinenay,1
dkrngi,1
sngat,1
mudahin,1
jamin,1
dwonload,1
cart,1
plih,1
trlnjur,1
kereeennn,1
buntut,1
bulan,1
responsive,1
proper,1
gut,1
nunjukin,1
gausa,1
limit,1
now,1
hampers,1
ribeeeeet,1
bintan,1
haduhh,1
otak,1
membantuu,1
oplas,1
https,1
samp,1
hendak,1
blok,1
tangsel,1
juga-,1
resiko,1
checkup,1
soalnyanmau,1
ahirnya,1
muji,1
sduah,1
pisah,1
mendaftr,1
review,1
mantappppp,1
wkekekek,1
jayaaaaaa,1
kritik,1
maluuuuuuuuuuuuu,1
terimaa,1
tentunnya,1
sestem,1
menghububgi,1
unit,1
smuanya,1
prediksi,1
jatohnya,1
sytem,1
karan,1
anter,1
biarkata,1
ppc,1
haduhhh,1
tangga,1
diinfoin,1
tooooo,1
kkn,1
jeh,1
stag,1
msayarakat,1
modern,1
ulu,1
nasi,1
qrcodenya,1
dsitu,1
ora,1
selalu,1
aps,1
dibalikin,1
lgsng,1
verivakasi,1
accept,1
comentnya,1
ciamis,1
sangaat,1
duper,1
kolot,1
searching,1
fertifikasi,1
sampean,1
aceh,1
sipersulit,1
simulasi,1
pa,1
glowing,1
has,1
juang,1
nyiapin,1
ponorogo,1
nanggung,1
aplikasiny,1
muhammad,1
tri,1
pmerintahan,1
saku,1
direject,1
gimama,1
beeralih,1
beratri,1
banting,1
ngenjalanin,1
dukcapil,1
nyesal,1
sipppp,1
market,1
norek,1
kotor,1
rani,1
buta,1
ngelink,1
tapu,1
society,1
unreg,1
seblmnya,1
jelata,1
resin,1
keur,1
wira,1
reputasi,1
biara,1
haha,1
kiamat,1
sekitar,1
krim,1
midah,1
kumunikasi,1
cuxxx,1
woi,1
aparat,1
hore,1
tantang,1
mjncul,1
mendownload,1
perpanjamg,1
rikkesnya,1
tny,1
sopir,1
netizen,1
pangkas,1
kapasitas,1
lieur,1
selasa,1
instan,1
lampir,1
sekian,1
plat,1
ferry,1
eits,1
potong,1
priben,1
pokoke,1
yakali,1
logo,1
milenial,1
logout,1
bejat,1
paki,1
-,1
gelap,1
resinha,1
tata,1
incomplete,1
nuwun,1
jago,1
kedepanny,1
murni,1
serasa,1
camera,1
gperna,1
malak,1
jalak,1
verify,1
hangat,1
sengat,1
ditansfer,1
cilacap,1
nenggunakan,1
materi,1
spam,1
dalem,1
eppis,1
biat,1
singkir,1
smk,1
mensengnyarakan,1
nganter,1
gaming,1
bosokkk,1
lnjt,1
komplin,1
alamin,1
verifkasi,1
serahin,1
kompleks,1
ngerjain,1
terbaikkkk,1
lesen,1
lalu-lintas,1
perpanjanganudah,1
jlskan,1
yanpak,1
dijawa,1
rekomendasi,1
modernisasi,1
baju,1
noob,1
nyuruh,1
e-rikkesnya,1
bom,1
rcp,1
intuitif,1
hantar,1
bentuk,1
susa,1
memperjang,1
krg,1
tlah,1
penting,1
gitar,1
santuy,1
rua,1
sumatra,1
polwiltabes,1
rela,1
pastiin,1
sekali,1
kering,1
sekarg,1
iyessss,1
urusanya,1
sana,1
dateline,1
setor,1
dig,1
standby,1
dlakukan,1
sedihhhhjj,1
perly,1
bilangx,1
pretlah,1
spesial,1
its,1
storage,1
tentu,1
asim,1
dproses,1
ngadep,1
realitanya,1
otentik,1
pengembangann,1
terooss,1
create,1
wadidaawwww,1
bantuanya,1
semongko,1
okeh,1
plastik,1
josss,1
bobot,1
user-friendly,1
dganti,1
erikees,1
stpasnya,1
gunakn,1
blman,1
setatus,1
bengkulu,1
bagua,1
nic,1
compare,1
enter,1
hsil,1
--,1
handpone,1
cardnya,1
sejahtrra,1
konsentrasi,1
bangkang,1
traktir,1
padat,1
mpe,1
prima,1
pelihara,1
ketahauan,1
jejaringnya,1
buram,1
wa,1
e-psi,1
dtang,1
dipublish,1
komitmen,1
pagar,1
merauke,1
manggut-manggut,1
lauching,1
kesatlantas,1
beress,1
dag,1
semenjak,1
selalusalah,1
pimpin,1
kesal,1
payaahh,1
palembang,1
null-null-an,1
directly,1
sosial,1
bodoh,1
sayacoba,1
tiru,1
perpanjagan,1
cobalgi,1
kembangkn,1
linkaja,1
berapakali,1
pendaptaran,1
angkat,1
masayarakat,1
perpanjanga,1
kuala,1
kudus,1
font,1
jemur,1
nganti,1
bismillah,1
fraktis,1
hadeuuu,1
psikologny,1
mnggu,1
asa,1
kambing,1
kpt,1
ntt,1
muncull,1
memudahkam,1
coming,1
something,1
segi,1
lantar,1
rayap,1
komplen,1
trimaksih,1
mangat,1
tree,1
harusny,1
banyuwangi,1
catatatan,1
done,1
abad,1
kesan,1
timer,1
lembat,1
wujud,1
friendly,1
katp,1
trimz,1
erikkesnya,1
null,1
brs,1
tpbtetep,1
ofline,1
diback,1
hadehh,1
cuba,1
apikasi,1
kesana-sini,1
seharsnya,1
kapolda,1
fakta,1
lelat,1
stak,1
always,1
basa,1
overall,1
soalny,1
smntara,1
perivikasih,1
ntb,1
daya,1
star,1
wiri,1
msiih,1
lelah,1
tqngerang,1
xx,1
pengalamansendiri,1
sambut,1
pro,1
apliksai,1
masiih,1
gsgal,1
bincang,1
launch,1
balesan,1
from,1
ilfil,1
core,1
zuper,1
ot,1
pungut,1
utj,1
teliti,1
notivikasi,1
senyam,1
banjarmasin,1
meng-update,1
oper,1
kamis,1
balikin,1
polrestabes,1
premison,1
gatau,1
veritifikasi,1
yy,1
copot,1
qoin,1
berinnovasi,1
temenku,1
galery,1
donload,1
thrue,1
eppsinya,1
unggul,1
kalem,1
lnjut,1
lurah,1
yutube,1
dapst,1
tingkatin,1
ribeeeeeeeet,1
polr,1
kala,1
koar,1
hacker,1
hd,1
dowload,1
model,1
transformasi,1
loncing,1
tahapanya,1
gajelas,1
taut,1
apply,1
cepek,1
datany,1
giamana,1
laptop,1
asssuuuudahlah,1
bumil,1
nian,1
aplikadinya,1
luang,1
hayo,1
teryata,1
playanan,1
instalasi,1
barito,1
dkk,1
fikkan,1
motto,1
windu,1
thx,1
dimoerbaiki,1
infodigitalkorlantas,1
mantaaaaap,1
onlinya,1
api,1
bak,1
dijauhin,1
aplnya,1
ngeri,1
nyobak,1
chaiyoo,1
harapang,1
onlen,1
beuh,1
ieu,1
oia,1
dobel,1
wilaya,1
mantaaaappp,1
gimsna,1
available,1
agustus,1
subandi,1
kesehatannyablm,1
tama,1
mmbutuhkan,1
periodik,1
assalamualaikum,1
corona,1
skck,1
vertifikasinya,1
hadeuuuuhhhh,1
mantepunn,1
sanga,1
tteap,1
man,1
bukany,1
kendaran,1
bersragam,1
luluh,1
eja,1
gilaran,1
psycotes,1
menge-klik,1
rantau,1
pulsa,1
prpanjang,1
bpkb,1
ket,1
sharing,1
poin,1
perdftran,1
seribet,1
ciamik,1
jumblah,1
al,1
gabagus,1
delete,1
kebo,1
downlodnya,1
burig,1
gita,1
saltantas,1
expalid,1
resource,1
be,1
jebak,1
simpul,1
membludak,1
niscaya,1
berfmanfaat,1
smpurna,1
wkwkwkw,1
katany,1
terubosan,1
matur,1
buffering,1
take,1
dklik,1
kesehatanya,1
rupa,1
santuyyyy,1
dplih,1
kluarin,1
-untuk,1
siiip,1
forse-closed,1
magang,1
sulosi,1
ask,1
responsibility,1
kandang,1
penguna,1
mental,1
kembangin,1
ugal,1
bosque,1
dicancel,1
dispensasi,1
wrong,1
lengakp,1
intropeksi,1
dftar,1
