sim,553
aplikasi,397
polri,243
bantu,238
panjang,229
moga,202
mudah,192
proses,188
terima,145
kasih,144
mantap,137
masyarakat,136
bagus,114
kirim,108
online,105
layan,101
verifikasi,95
korlantas,94
bayar,93
mohon,93
tanggal,89
satpas,87
masuk,86
rumah,81
alhamdulillah,79
manfaat,77
coba,76
tunggu,75
hasil,72
daftar,72
terimakasih,71
pilih,69
tinggal,68
cepat,66
polda,65
baik,63
sih,58
otp,53
jaya,53
bravo,52
gagal,52
bintang,52
hp,50
lancar,50
pos,49
tes,49
depan,47
laku,46
ktp,46
sukses,45
selesai,45
data,45
a,42
indonesia,42
maju,40
lokasi,40
april,39
kalo,39
tolong,37
foto,36
sehat,35
kembang,35
pakai,35
kode,34
sulit,33
urus,33
keren,32
antri,32
polisi,32
sedia,32
langsung,31
susah,31
ok,31
tingkat,31
buat,31
digital,30
jatim,30
tahap,30
sabar,29
ikut,28
good,28
metro,28
pandemi,27
pas,27
no,27
habis,26
bikin,26
fitur,26
nomor,26
wilayah,25
biaya,24
saran,24
biar,23
maaf,23
muncul,22
lengkap,22
harap,22
inovasi,22
psikologi,22
login,21
banget,21
polres,21
buka,21
mei,20
email,20
wajah,20
guna,19
solusi,19
kendala,19
sesuai,19
status,19
selamat,19
jombang,19
deh,19
isi,19
b,18
min,18
repot,17
daerah,17
apk,17
via,17
jalan,17
e,17
app,17
bug,17
mantab,17
alamat,17
semangat,16
minggu,16
ribet,16
butuh,16
akses,16
salah,16
kurang,15
lanjut,15
kerja,15
aju,15
mana,14
calo,14
presisi,14
cetak,14
lumayan,14
dokter,14
nomer,14
rpc,14
simnya,14
kemarin,13
jam,13
terbit,13
sempurna,12
salam,12
terobos,12
error,12
erikkes,12
admin,12
stnk,12
transfer,12
pasuk,12
eppsi,12
oke,12
update,12
jawa,11
ubah,11
timeout,11
kapolri,11
syarat,11
mantul,11
time,11
bingung,11
test,11
ganti,11
download,10
out,10
baru,10
registrasi,10
ulang,10
an,10
gampang,10
transaksi,10
digitalisasi,10
ambil,10
makasih,10
warga,9
negara,9
kualitas,9
jabar,9
antar,9
aktif,9
praktis,9
domisili,9
sistem,9
pagi,9
saat,8
ribu,8
pungli,8
terang,8
e-ktp,8
jateng,8
teknologi,8
server,8
apresiasi,8
cek,8
hilang,8
info,8
rekening,8
nih,8
e-rikkes,8
lihat,8
nama,8
hubung,8
fisik,8
lulus,8
ibu,8
menu,8
periksa,8
kantor,8
tambah,8
dll,8
duduk,8
cari,7
tuju,7
notifikasi,7
n,7
langkah,7
era,7
dekat,7
pokok,7
hemat,7
milik,7
rikkes,7
klik,7
administrasi,7
ndan,7
masa,7
pol,7
pajak,7
psikotes,7
sms,7
satpasnya,7
siang,7
fungsi,7
aman,7
lintas,7
edit,7
salut,7
pin,7
tunjuk,7
mulu,7
dukung,7
kota,7
jakarta,6
tugas,6
orang,6
pasti,6
tangan,6
malam,6
rating,6
luas,6
paham,6
telepon,6
inovatif,6
job,6
va,6
kartu,6
dokumen,6
upload,6
bpk,6
nyaman,6
kamera,6
cuman,6
sosialisasi,6
thanks,6
sinar,6
canggih,6
nik,6
program,6
respon,6
tim,6
launching,6
tau,5
makan,5
tahun,5
uji,5
antre,5
profesional,5
jos,5
baca,5
senang,5
tampil,5
hari,5
ongkir,5
tulis,5
nasional,5
konfirmasi,5
pt,5
hindar,5
maksimal,5
beda,5
metrojaya,5
rubah,5
pandu,5
sungguh,5
pak,5
birokrasi,5
instal,5
link,5
surabaya,5
arah,5
barat,5
faskes,5
sayang,5
manis,5
total,5
rp,5
eror,5
loading,5
razia,5
jelas,5
bni,5
sip,5
input,5
alhamdulilah,5
kendara,5
top,5
kabupaten,5
batu,5
trimakasih,5
prosedur,5
muas,5
developer,5
paket,5
step,4
alami,4
terus,4
henti,4
team,4
apps,4
atur,4
sibuk,4
silang,4
beres,4
murah,4
gera,4
profil,4
cermat,4
nice,4
covid,4
akun,4
depa,4
motor,4
valid,4
jadi,4
simpan,4
wajar,4
note,4
lonjak,4
oknum,4
poto,4
cerah,4
log,4
bukti,4
muter,4
virtual,4
tera,4
komandan,4
hapus,4
efisien,4
percaya,4
sok,4
rebah,4
jelek,4
jasa,4
rilis,4
jajar,4
the,4
halo,4
bilang,4
batal,4
luncur,4
kayak,4
instruksi,4
merah,4
suruh,4
fix,4
bebas,4
lu,4
niat,4
suap,4
usaha,4
surat,4
mahal,4
masalah,4
capek,4
koneksi,3
e-ppsi,3
mesti,3
trobosan,3
tombol,3
bisa,3
bal,3
rek,3
rakyat,3
serba,3
halaman,3
kagak,3
bandung,3
sragen,3
sabtu,3
temu,3
bogor,3
doang,3
fasilitas,3
satu,3
sidoarjo,3
ngisi,3
aplikasih,3
xiaomi,3
banyak,3
liar,3
desa,3
pengaruh,3
unt,3
biru,3
indak,3
tindak,3
knapa,3
ayom,3
joss,3
stabil,3
jaring,3
ragu,3
pulau,3
dapat,3
si,3
gabisa,3
cantum,3
bu,3
ucap,3
prokas,3
zaman,3
install,3
lai,3
tehnologi,3
pencerahanya,3
izin,3
tutorial,3
telpon,3
gilir,3
dar,3
ecek,3
hidup,3
transparan,3
kena,3
register,3
upgrade,3
anti,3
darat,3
benar,3
tips,3
jenis,3
bidang,3
bawa,3
timur,3
komentar,3
samsat,3
suka,3
payah,3
best,3
publik,3
alam,3
contoh,3
fokus,3
senin,3
maklum,3
verivikasi,3
kak,3
pandemik,3
user,3
hitung,3
rumit,3
rasa,3
cs,3
drmh,3
medan,3
pasu,3
ketemu,3
tarif,3
jumat,3
porli,3
sila,3
kali,3
tolak,3
ayo,3
poses,3
klinik,3
lewat,3
republik,3
account,3
untung,3
gandos,3
pemberitahuan,3
ku,3
sigit,3
amin,3
psikolog,3
appnya,3
mantaaaap,3
telp,3
pindah,3
upaya,3
kunjung,3
video,3
estimasi,3
komplit,3
normal,3
malu,2
simple,2
recommended,2
spek,2
unggah,2
tiga,2
overload,2
berita,2
identitas,2
tarik,2
solo,2
berantas,2
informasi,2
mepet,2
far,2
puas,2
fitur-fitur,2
dsb,2
tanda,2
riwayat,2
alas,2
notif,2
bro,2
bijak,2
jangka,2
tutup,2
voucher,2
bangun,2
kemari,2
bapak,2
dasar,2
roda,2
system,2
patuh,2
errikes,2
order,2
tengah,2
perihal,2
nominal,2
cinta,2
ferifikasi,2
tidur,2
korupsi,2
tahan,2
caer,2
ujicoba,2
utara,2
mati,2
puskesmas,2
ppsi,2
banking,2
adu,2
down,2
musim,2
pakkk,2
bisah,2
deteksi,2
geleng,2
telaten,2
updatenya,2
takut,2
gojek,2
tilang,2
cianjur,2
lampung,2
lolos,2
poldanya,2
optimal,2
sadar,2
pulang,2
is,2
negatif,2
abal,2
propinsi,2
offline,2
catat,2
dalam,2
perangkat,2
denda,2
background,2
trma,2
uang,2
ijin,2
ampun,2
perhati,2
polantas,2
resi,2
satpas-nya,2
naik,2
rekan,2
provinsi,2
asih,2
byr,2
makas,2
istri,2
shg,2
gapapa,2
menit,2
ter,2
ktpnya,2
typo,2
help,2
rekam,2
situ,2
besok,2
servernya,2
hebat,2
lupa,2
mantabbb,2
sebab,2
mantull,2
internet,2
terkadang,2
libur,2
gila,2
luck,2
pelosok,2
ane,2
janji,2
-umum,2
bolak,2
praktek,2
siap,2
tipe,2
jujur,2
posisi,2
kontak,2
trims,2
lambat,2
beli,2
apa,2
lalulintas,2
lapor,2
perdana,2
balas,2
-polos,2
pribadi,2
sengaja,2
tertib,2
adakan,2
erti,2
gue,2
fiturnya,2
diam,2
ketik,2
realisasi,2
dngn,2
mata,2
jaman,2
mulut,2
sambung,2
bagi,2
batas,2
dah,2
sebar,2
muka,2
expired,2
metode,2
antusias,2
hormat,2
mobile,2
asli,2
pengin,2
area,2
very,2
barusan,2
minimal,2
polriku,2
kalimantan,2
sebentar,2
gan,2
jarak,2
lot,2
yess,2
not,2
allah,2
report,2
mah,2
ah,2
perintah,2
sejahtera,2
nikmat,2
setting,2
slesai,2
nya,2
teman,2
pesimis,2
hadir,2
sinkron,2
tekan,2
aplilasi,2
msyarakat,2
jawabanya,2
kecewa,2
masyrakat,2
rikes,2
ex,2
warna,2
benah,2
tanggap,2
kshatan,1
profesionalisme,1
mbok,1
loncing,1
obyek,1
sangan,1
kenal,1
uninstal,1
ektp,1
kacamata,1
segera,1
bismillah,1
akirnya,1
dapa,1
institusi,1
ggal,1
amninnn,1
belanja,1
betulin,1
wil,1
yth,1
ceklis,1
eh,1
meresehkan,1
ruang,1
diporles,1
aplikasiny,1
peran,1
pemngembangan,1
kampung,1
bentar,1
simulasi,1
dftar,1
trim,1
kad,1
digitalisai,1
pegang,1
ngeblank,1
wifi,1
pinjol,1
dok,1
humanis,1
sgera,1
merasah,1
handphone,1
warnett,1
bbermanfaat,1
hirau,1
relog,1
amazing,1
pamekasan,1
salute,1
sumut,1
bast,1
kaizen,1
bantung,1
teemasuk,1
buku,1
share,1
l,1
sulut,1
playanan,1
anak,1
ringan,1
pelamin,1
thanx,1
tangsel,1
tingkatkn,1
alhmdllh,1
beban,1
lelah,1
serbu,1
tanya,1
kadang,1
simling,1
masarakat,1
terap,1
operasi,1
kmna,1
hujat,1
dual,1
tembak,1
diskon,1
extra,1
jahat,1
erah,1
celaka,1
pasword,1
assalamualaikum,1
dug,1
malas,1
reservasi,1
nota,1
menperpanjang,1
semangaaaaat,1
kelola,1
ponsel,1
storage,1
excellent,1
koorlatas,1
allhamdulillah,1
tks,1
koreksi,1
datng,1
mantaaappp,1
sore,1
satapas,1
timbang,1
semntara,1
ngawi,1
msuknya,1
terverivikasi,1
kaca,1
ngulang,1
besar,1
dompet,1
blsn,1
kbr,1
juni,1
perdftran,1
luarbiasa,1
hayo,1
berkat,1
timout,1
mesikipun,1
dikit,1
jombang-ponorogo,1
renew,1
reformasi,1
jabat,1
timur-bontang,1
notes,1
susul,1
jangan,1
revolusi,1
kapolrinya,1
tdknya,1
majuu,1
by,1
bufering,1
rekor,1
redmi,1
mmperpnjang,1
applikasinya,1
rambut,1
tasik,1
max,1
alhamduillah,1
oia,1
kamis,1
awak,1
pemprosesan,1
dihimbau,1
chat,1
kapan,1
cirendeu,1
saya,1
adaptasi,1
smartphone,1
alias,1
kalsel,1
just,1
tujuh,1
akal,1
awal,1
giamna,1
tampa,1
vivo,1
diberitahukan,1
layak,1
media,1
dimanasaja,1
kkn,1
a-polos,1
jossss,1
panas,1
tangga,1
sdm,1
brhasih,1
polsek,1
barundownloaf,1
selaluuu,1
nulisnya,1
damai,1
performa,1
cardnya,1
forma,1
rbet,1
opsi,1
keburu,1
subsidi,1
pedoman,1
membantuuuuuu,1
paspor,1
keluh,1
gambar,1
progres,1
nuwun,1
kec,1
kurleb,1
drumah,1
andal,1
insyaa,1
kelamin,1
psiko,1
vrifikasi,1
gudang,1
coe,1
ui,1
ala,1
praktik,1
koorlantas,1
bilamana,1
match,1
panik,1
semangatin,1
maret,1
jempol,1
sla,1
produktif,1
tegal,1
penjelasnyannya,1
kapolru,1
improv,1
kom,1
harga,1
senoga,1
wow,1
entar,1
call,1
god,1
semoha,1
bicara,1
persen,1
perpanjangn,1
wira,1
ber-xx,1
lainnnya,1
tahu,1
format,1
laksana,1
klaw,1
signifikan,1
minat,1
resmi,1
covid-,1
tlf,1
kesini,1
jauh,1
cahaya,1
indrustri,1
pa,1
sangak,1
dkat,1
kah,1
disiplin,1
oleh,1
pintu,1
selesaiken,1
dengang,1
indonsia,1
delat,1
lolololo,1
ganggu,1
barangkali,1
digitalisasasi,1
chrome,1
bapa,1
karenya,1
leng,1
han,1
tempo,1
tiap,1
systemnya,1
shop,1
mmng,1
aflikasi,1
situasi,1
cakup,1
jazakumullahu,1
siapin,1
po,1
teknis,1
gresik,1
semkain,1
ux,1
malang,1
mula,1
kira,1
batass,1
kait,1
sulsel,1
overall,1
ternate,1
visioner,1
kilas,1
subuh,1
marak,1
tajam,1
telatenin,1
kash,1
ri,1
playstore,1
dijambi,1
lebaran,1
mm,1
hang,1
pergi,1
mandeg,1
acc,1
focus,1
euy,1
salh,1
signal,1
hubungin,1
lah,1
utama,1
amanah,1
pesan,1
a-umum,1
selfi,1
tenang,1
umpama,1
pull,1
trik,1
jrng,1
mhn,1
dtang,1
mobil,1
simpati,1
rahasia,1
gatsu,1
soon,1
sandi,1
jiwa,1
apr,1
oriented,1
psikotest,1
mantaaapp,1
gerbang,1
listio,1
komen,1
susaaaaah,1
dtingkankan,1
kuat,1
ngurusnya,1
agresif,1
ig,1
kesel,1
mau,1
dtempat,1
bingkai,1
pikir,1
barang,1
diupdate,1
familiar,1
fleksibilitas,1
syaa,1
slow,1
sah,1
pimpin,1
dki,1
dkrngi,1
ada,1
scanning,1
pesat,1
dikorlantas,1
sisi,1
fast,1
youtube,1
regist,1
perkara,1
thr,1
lapang,1
cash,1
memasukkna,1
mantullllll,1
barcode,1
permisi,1
serta,1
josssss,1
vitur,1
membantubdan,1
diri,1
auto,1
cikal,1
mantafff,1
dipolda,1
intruksi,1
pusat,1
cocok,1
pdf,1
istruksi,1
dta,1
gmna,1
ugal,1
rata,1
galaxi,1
hape,1
trmkasih,1
linknya,1
memberika,1
pencalohan,1
datang,1
senyum,1
photo,1
efisiensi,1
operasional,1
bravooo,1
apliaksi,1
code,1
penggunaanny,1
buta,1
set,1
bantuannyaa,1
ketua,1
traktir,1
terimaksih,1
mmakan,1
plus,1
riskess,1
faedah,1
dtgu,1
mojokerto,1
sinyal,1
karya,1
akibat,1
aut,1
wiri,1
deskripsi,1
welcome,1
avis,1
tekhnologi,1
pusdokkesnya,1
aim,1
jooss,1
atik,1
juang,1
sangkut,1
mutasi,1
mentok,1
tlaten,1
dteg,1
jogja,1
dijelasin,1
tubuh,1
lain,1
sharing,1
banjarmasin,1
dunia,1
nuggu,1
minim,1
assalamu,1
nilai,1
gud,1
transportasi,1
kurir,1
dinudahkan,1
nyangkut,1
sekitat,1
korlantaspolri,1
great,1
budaya,1
indramayu,1
ot,1
lunas,1
tlfn,1
gpp,1
petujuk,1
kondisi,1
rim,1
citra,1
daeran,1
perivikasi,1
sim-c,1
trouble,1
dbantu,1
cetus,1
umtuk,1
kasur,1
menyelsaikan,1
baguuuuuuus,1
mehong,1
mancaaaap,1
apl,1
wakil,1
exp,1
kaum,1
percepet,1
on,1
biarpun,1
aplkasi,1
samsung,1
sportif,1
dispensasi,1
nomernya,1
spesifikasi,1
kaya,1
inti,1
brapo,1
apkah,1
trm,1
ekstra,1
bigron,1
ikhlas,1
aksesoris,1
integritas,1
ditindaklanjuti,1
bpergian,1
pegiriman,1
ngambil,1
bangsa,1
respond,1
duluan,1
transparansi,1
eaaaaaaaaaaaaaak,1
aktivasi,1
su,1
mud,1
alaikum,1
google,1
korp,1
now,1
-,1
says,1
otak,1
membantuu,1
rekomendasi,1
trimksh,1
mantuull,1
khair,1
duh,1
mantabssss,1
mntap,1
swafoto,1
assalmualaikum,1
page,1
dmobil,1
kelura,1
ngab,1
daptar,1
adm,1
tq,1
terkhir,1
potensi,1
berkas,1
kaluar,1
muda,1
suport,1
dapet-dapet,1
hehe,1
rekingan,1
kab,1
final,1
manusia,1
oara,1
masookkkk,1
mudahmudahan,1
desain,1
va-nya,1
me,1
web,1
dengan,1
kch,1
lacak,1
e-mail,1
bagaiamana,1
insyaallah,1
mangsa,1
ndk,1
dftrkan,1
nongol,1
hehehe,1
alur,1
otentik,1
nunjukin,1
bulan,1
direspon,1
gann,1
keliling,1
dateng,1
android,1
prkmbangan,1
bohong,1
bagimana,1
biometrik,1
masukkl,1
lingkung,1
keluar,1
malakukan,1
ewngan,1
bersih,1
riau,1
mantaappp,1
mdh,1
uhuuuuuuuy,1
pendek,1
stars,1
studio,1
police,1
memodahkan,1
perijinan,1
smpek,1
apliakasi,1
meberikan,1
asep,1
mmbrikan,1
telah,1
hambat,1
bang,1
kiri,1
form,1
bi,1
enak,1
ksna,1
sestem,1
unit,1
mari,1
gut,1
kanan,1
grab,1
ihklas,1
nkri,1
kedap-kedip,1
sngat,1
rajalela,1
cart,1
detik,1
musti,1
jebak,1
tentunnya,1
juga-,1
gim,1
ahirnya,1
otomatis,1
diy,1
kawan,1
kejar,1
ralat,1
resiko,1
kaltim,1
kritik,1
pisah,1
kirimn,1
anter,1
kalem,1
mantappppp,1
jayaaaaaa,1
teliti,1
utj,1
pungut,1
persis,1
nasi,1
society,1
seblmnya,1
sipppp,1
accept,1
angguk,1
iklan,1
msayarakat,1
modern,1
ngelink,1
bgaimana,1
id,1
negeri,1
lgsng,1
validasi,1
berfmanfaat,1
polresta,1
sopir,1
rani,1
stpasnya,1
loginnya,1
--,1
handpone,1
tonton,1
konsentrasi,1
lesen,1
duit,1
singkir,1
biara,1
saku,1
gimama,1
sepi,1
beeralih,1
luar,1
atas,1
comentnya,1
sisa,1
progress,1
tata,1
kesana,1
jago,1
kedepanny,1
murni,1
hangat,1
raya,1
sengat,1
pokoke,1
puasa,1
krim,1
kumunikasi,1
hore,1
tantang,1
perpanjamg,1
senyam,1
jombang-jatim,1
paki,1
bhkan,1
sangaat,1
diinstal,1
searching,1
sampean,1
aceh,1
scan,1
glowing,1
bejat,1
wib,1
servis,1
ramah,1
versi,1
trobosanya,1
nyiapin,1
simpel,1
erikees,1
buru,1
lalu-lintas,1
perly,1
bilangx,1
spesial,1
manggutnya,1
kudu,1
its,1
libat,1
jejaringnya,1
karena,1
hati,1
nganter,1
komplin,1
kompleks,1
mhon,1
terbaikkkk,1
dig,1
responsif,1
rujukanya,1
sumatra,1
buly,1
kian,1
oh,1
jangkau,1
lindung,1
gitar,1
kasihan,1
depok,1
kerumun,1
skalian,1
paksa,1
sekarg,1
iyessss,1
tlah,1
dikirm,1
angka,1
ma,1
perpanjanganudah,1
tepat,1
palembang,1
onlinenay,1
ajar,1
perpanjng,1
sosial,1
gantung,1
jaga,1
kesatlantas,1
konsultasiin,1
terooss,1
and,1
okeh,1
satlantas,1
josss,1
berulangkali,1
dag,1
mpe,1
hantar,1
dijawa,1
semongko,1
vertifikasi,1
modernisasi,1
main,1
rcp,1
bentuk,1
manggut-manggut,1
padat,1
prima,1
konten,1
wa,1
singkat,1
komitmen,1
rikkesnya,1
dibenerin,1
mogaaja,1
trimaksih,1
sepenuh,1
angkat,1
selfie,1
perpanjanga,1
kuala,1
font,1
fraktis,1
i,1
model,1
kambing,1
ntt,1
memudahkam,1
coming,1
akhir,1
cabut,1
berapakali,1
kapolda,1
netizen,1
buang,1
review,1
transformasi,1
kepala,1
catatatan,1
done,1
lembat,1
wujud,1
daftarin,1
access,1
brs,1
ofline,1
diback,1
binggung,1
milenial,1
apikasi,1
segi,1
mash,1
rayap,1
soalny,1
hd,1
ngikuti,1
meng-update,1
ntb,1
nb,1
msiih,1
nyata,1
ide,1
pengalamansendiri,1
sambut,1
pro,1
masiih,1
perivikasih,1
core,1
gebrak,1
hacker,1
kala,1
tlong,1
jatuh,1
btw,1
selsai,1
qoin,1
berinnovasi,1
temenku,1
verfikasi,1
ta,1
polr,1
cipta,1
unggul,1
please,1
yutube,1
dapst,1
iya,1
tahapanya,1
niscaya,1
membludak,1
diberitahu,1
swasta,1
corona,1
skck,1
blitar,1
mantepunn,1
sanga,1
kolom,1
instalasi,1
sosmed,1
bumil,1
selasa,1
nian,1
luang,1
center,1
donwload,1
tama,1
chaiyoo,1
subandi,1
ferry,1
pangkas,1
kapasitas,1
instan,1
lampir,1
stuck,1
plat,1
eits,1
mantaaaappp,1
perpanjagan,1
ferivikasi,1
smntara,1
harapang,1
beuh,1
wilaya,1
heran,1
barito,1
pencet,1
service,1
plastik,1
terubosan,1
menge-klik,1
rantau,1
prpanjang,1
bpkb,1
kentang,1
pelan,1
ciamik,1
jumblah,1
al,1
hukum,1
gita,1
saltantas,1
kereeennn,1
bosque,1
pintar,1
kembangin,1
dijauhin,1
umur,1
motto,1
sudan,1
thx,1
mantaaaaap,1
donlot,1
hahaha,1
congek,1
matur,1
kesehatanya,1
kedip,1
santuyyyy,1
siiip,1
minta,1
sprtinya,1
